<?xml version="1.0" encoding="UTF-8"?><artifacts>
    <artifact name="ISSPayooUploadFileInboundEndpoint" groupId="com.example.inbound-endpoint" version="1.0.0" type="synapse/inbound-endpoint" serverRole="EnterpriseServiceBus">
        <file>src/main/synapse-config/inbound-endpoints/ISSPayooUploadFileInboundEndpoint.xml</file>
    </artifact>
    <artifact name="ISSPayooUploadFileSuccessFlow" groupId="com.example.sequence" version="1.0.0" type="synapse/sequence" serverRole="EnterpriseServiceBus">
        <file>src/main/synapse-config/sequences/ISSPayooUploadFileSuccessFlow.xml</file>
    </artifact>
    <artifact name="ISSPayooUploadFileError" groupId="com.example.sequence" version="1.0.0" type="synapse/sequence" serverRole="EnterpriseServiceBus">
        <file>src/main/synapse-config/sequences/ISSPayooUploadFileError.xml</file>
    </artifact>
    <artifact name="ISSPayooUploadFileOutSequence" groupId="com.example.sequence" version="1.0.0" type="synapse/sequence" serverRole="EnterpriseServiceBus">
        <file>src/main/synapse-config/sequences/ISSPayooUploadFileOutSequence.xml</file>
    </artifact>
</artifacts>
