<?xml version="1.0" encoding="UTF-8"?><artifacts>
    <artifact name="ISSAirpayUploadApy2Csv" groupId="com.example.inbound-endpoint" version="1.0.0" type="synapse/inbound-endpoint" serverRole="EnterpriseServiceBus">
        <file>src/main/synapse-config/inbound-endpoints/ISSAirpayUploadApy2Csv.xml</file>
    </artifact>
    <artifact name="ISSAirpayConvertAPY2CsvOkSequence" groupId="com.example.sequence" version="1.0.0" type="synapse/sequence" serverRole="EnterpriseServiceBus">
        <file>src/main/synapse-config/sequences/ISSAirpayConvertAPY2CsvOkSequence.xml</file>
    </artifact>
    <artifact name="ISSAirpayConvertAPY2CsvErrorSequence" groupId="com.example.sequence" version="1.0.0" type="synapse/sequence" serverRole="EnterpriseServiceBus">
        <file>src/main/synapse-config/sequences/ISSAirpayConvertAPY2CsvErrorSequence.xml</file>
    </artifact>
    <artifact name="AIRPAY_FTP" groupId="com.example.local-entry" version="1.0.0" type="synapse/local-entry" serverRole="EnterpriseServiceBus">
        <file>\src\main\synapse-config\local-entries\AIRPAY_FTP.xml</file>
    </artifact>
</artifacts>
