<?xml version="1.0" encoding="UTF-8"?>
<localEntry key="FILE_ORA_PAYOO" xmlns="http://ws.apache.org/ns/synapse">
    <file.init>
        <ftpConnectionTimeout>100000</ftpConnectionTimeout>
        <ftpSocketTimeout>150000</ftpSocketTimeout>
        <isPassive>true</isPassive>
        <workingDir>/home/Oracle</workingDir>
        <connectionType>FTP</connectionType>
        <password>admin</password>
        <userDirIsRoot>false</userDirIsRoot>
        <port>21</port>
        <host>localhost</host>
        <name>FILE_ORA_PAYOO</name>
        <fileLockScheme>Local</fileLockScheme>
        <username>admin</username>
    </file.init>
</localEntry>
