<?xml version="1.0" encoding="UTF-8"?>
<api context="/payooPostPayment" name="ISSPayooPostPayment" xmlns="http://ws.apache.org/ns/synapse">
    <resource methods="GET" outSequence="seq9" uri-template="/sendPayment/{id}">
        <inSequence>
            <log>
                <property name="notext" value="===========Payoo API started============="/>
                <property expression="get-property('uri.var.id')" name="notext"/>
            </log>
            <sequence key="PayooSequence"/>
            <respond/>
        </inSequence>
        <faultSequence/>
    </resource>
</api>
