<?xml version="1.0" encoding="UTF-8"?><artifacts>
    <artifact name="ISSCitiUploadCitiInboundEndpoint" groupId="com.example.inbound-endpoint" version="1.0.0" type="synapse/inbound-endpoint" serverRole="EnterpriseServiceBus">
        <file>src/main/synapse-config/inbound-endpoints/ISSCitiUploadCitiInboundEndpoint.xml</file>
    </artifact>
    <artifact name="ISSCitiUploadFileSuccessFlow" groupId="com.example.sequence" version="1.0.0" type="synapse/sequence" serverRole="EnterpriseServiceBus">
        <file>src/main/synapse-config/sequences/ISSCitiUploadFileSuccessFlow.xml</file>
    </artifact>
    <artifact name="ISSCitiUploadFileError" groupId="com.example.sequence" version="1.0.0" type="synapse/sequence" serverRole="EnterpriseServiceBus">
        <file>src/main/synapse-config/sequences/ISSCitiUploadFileError.xml</file>
    </artifact>
    <artifact name="ISSCitiUploadFileOutSequence" groupId="com.example.sequence" version="1.0.0" type="synapse/sequence" serverRole="EnterpriseServiceBus">
        <file>src/main/synapse-config/sequences/ISSCitiUploadFileOutSequence.xml</file>
    </artifact>
</artifacts>
