<?xml version="1.0" encoding="UTF-8"?><artifacts>
    <artifact name="AirpayFileScanner" groupId="com.tfsvn.resource" version="1.0.0" type="registry/resource" serverRole="EnterpriseServiceBus">
        <item>
            <file>AirpayFileScanner.dmc</file>
            <path>/_system/governance/datamapper</path>
            <mediaType>text/plain</mediaType>
            <properties/>
        </item>
    </artifact>
    <artifact name="AirpayFileScanner_inputSchema" groupId="com.tfsvn.resource" version="1.0.0" type="registry/resource" serverRole="EnterpriseServiceBus">
        <item>
            <file>AirpayFileScanner_inputSchema.json</file>
            <path>/_system/governance/datamapper</path>
            <mediaType>text/plain</mediaType>
            <properties/>
        </item>
    </artifact>
    <artifact name="AirpayFileScanner_outputSchema" groupId="com.tfsvn.resource" version="1.0.0" type="registry/resource" serverRole="EnterpriseServiceBus">
        <item>
            <file>AirpayFileScanner_outputSchema.json</file>
            <path>/_system/governance/datamapper</path>
            <mediaType>text/plain</mediaType>
            <properties/>
        </item>
    </artifact>
    <artifact name="AirpayFileScanner_xsltStyleSheet" groupId="com.tfsvn.resource" version="1.0.0" type="registry/resource" serverRole="EnterpriseServiceBus">
        <item>
            <file>AirpayFileScanner_xsltStyleSheet.xml</file>
            <path>/_system/governance/datamapper</path>
            <mediaType>text/plain</mediaType>
            <properties/>
        </item>
    </artifact>
    <artifact name="AirpayCSVFileScanner" groupId="com.tfsvn.resource" version="1.0.0" type="registry/resource" serverRole="EnterpriseServiceBus">
        <item>
            <file>AirpayCSVFileScanner.dmc</file>
            <path>/_system/governance/datamapper</path>
            <mediaType>text/plain</mediaType>
            <properties/>
        </item>
    </artifact>
    <artifact name="AirpayCSVFileScanner_inputSchema" groupId="com.tfsvn.resource" version="1.0.0" type="registry/resource" serverRole="EnterpriseServiceBus">
        <item>
            <file>AirpayCSVFileScanner_inputSchema.json</file>
            <path>/_system/governance/datamapper</path>
            <mediaType>text/plain</mediaType>
            <properties/>
        </item>
    </artifact>
    <artifact name="AirpayCSVFileScanner_outputSchema" groupId="com.tfsvn.resource" version="1.0.0" type="registry/resource" serverRole="EnterpriseServiceBus">
        <item>
            <file>AirpayCSVFileScanner_outputSchema.json</file>
            <path>/_system/governance/datamapper</path>
            <mediaType>text/plain</mediaType>
            <properties/>
        </item>
    </artifact>
    <artifact name="AirpayCSVFileScanner_xsltStyleSheet" groupId="com.tfsvn.resource" version="1.0.0" type="registry/resource" serverRole="EnterpriseServiceBus">
        <item>
            <file>AirpayCSVFileScanner_xsltStyleSheet.xml</file>
            <path>/_system/governance/datamapper</path>
            <mediaType>text/plain</mediaType>
            <properties/>
        </item>
    </artifact>
</artifacts>
