<?xml version="1.0" encoding="UTF-8"?>
<sequence name="ISSViettelConvertOut2CsvOkSequence" trace="disable" xmlns="http://ws.apache.org/ns/synapse">
    <property expression="get-property('transport','FILE_NAME')" name="filename" scope="default" type="STRING"/>
    <property expression="fn:concat(get-property('filename'),'.csv')" name="csvname" scope="default" type="STRING"/>
    <log level="custom">
        <property expression="get-property(&quot;filename&quot;)" name="ISSViettelConvertOut2CsvOkSequence=====orgi==="/>
        <property expression="get-property(&quot;csvname&quot;)" name="ISSViettelConvertOut2CsvOkSequence=====out==="/>
    </log>
    <file.copy configKey="VIETTEL_FTP">
        <sourcePath>{get-property('filename')}</sourcePath>
        <targetPath>/</targetPath>
        <sourceFilePattern>.*\.xls</sourceFilePattern>
        <includeParent>true</includeParent>
        <overwrite>true</overwrite>
        <renameTo>{get-property('csvname')}</renameTo>
    </file.copy>
</sequence>
