<?xml version="1.0" encoding="UTF-8"?>
<!--
  ~ Copyright (c) 2016, WSO2 Inc. (http://www.wso2.org) All Rights Reserved.
  ~
  ~   WSO2 Inc. licenses this file to you under the Apache License,
  ~   Version 2.0 (the "License"); you may not use this file except
  ~   in compliance with the License.
  ~   You may obtain a copy of the License at
  ~
  ~     http://www.apache.org/licenses/LICENSE-2.0
  ~
  ~  Unless required by applicable law or agreed to in writing,
  ~  software distributed under the License is distributed on an
  ~  "AS IS" BASIS, WITHOUT WARRANTIES OR CONDITIONS OF ANY
  ~  KIND, either express or implied.  See the License for the
  ~  specific language governing permissions and limitations
  ~  under the License.
  -->
<!-- Method Documentation URL: https://msdn.microsoft.com/en-us/library/azure/dn645542.aspx -->
<template name="getAccessTokenFromAuthorizationCode" xmlns="http://ws.apache.org/ns/synapse">
    <parameter name="redirectUri"
               description="Specifies the reply URL of the application. The value must match the value of the
               redirect_uri parameter in the authorization code request."/>
    <parameter name="authorizationCode" description="Authorization code to be used to obtain the access token."/>
    <parameter name="clientSecret"
               description="The value of the key that contains the client password."/>
    <parameter name="clientId"
               description="The client ID of the client application that is registered in Azure AD."/>
    <parameter name="resource"
               description="The App ID URI of the web API."/>
    <sequence>
        <property name="uri.var.redirectUri" expression="$func:redirectUri"/>
        <property name="uri.var.authorizationCode" expression="$func:authorizationCode"/>
        <property name="uri.var.clientSecret" expression="$func:clientSecret"/>
        <property name="uri.var.clientId" expression="$func:clientId"/>
        <property name="uri.var.resource" expression="$func:resource"/>
        <property name="uri.var.grantType" value="authorization_code"/>

        <payloadFactory media-type="xml">
            <format>
                <soapenv:Envelope xmlns:soapenv="http://schemas.xmlsoap.org/soap/envelope/">
                    <soapenv:Header></soapenv:Header>
                    <soapenv:Body>
                        <root>
                            <code>$1</code>
                            <grant_type>authorization_code</grant_type>
                            <client_secret>$2</client_secret>
                            <client_id>$3</client_id>
                            <resource>$4</resource>
                            <redirect_uri>$5</redirect_uri>
                        </root>
                    </soapenv:Body>
                </soapenv:Envelope>
            </format>
            <args>
                <arg expression="$ctx:uri.var.authorizationCode"/>
                <arg expression="$ctx:uri.var.clientSecret"/>
                <arg expression="$ctx:uri.var.clientId"/>
                <arg expression="$ctx:uri.var.resource"/>
                <arg expression="$ctx:uri.var.redirectUri"/>
            </args>
        </payloadFactory>
        <property name="messageType" value="application/x-www-form-urlencoded"
                  scope="axis2" />
        <property name="REQUEST_HOST_HEADER" scope="axis2" value="login.microsoftonline.com"/>
        <property name="DISABLE_CHUNKING" value="true" scope="axis2"/>
        <call>
            <endpoint>
                <http method="POST" uri-template="https://login.microsoftonline.com/common/oauth2/token"/>
            </endpoint>
        </call>
    </sequence>
</template>