<?xml version="1.0" encoding="UTF-8"?>
<endpoint name="SendPaymentPayooService" xmlns="http://ws.apache.org/ns/synapse">
    <address format="get" statistics="enable" trace="enable" uri="http://fullcircleapi.sg-s1.cloudhub.io/getCustomerByID/1">
        <suspendOnFailure>
            <initialDuration>-1</initialDuration>
            <progressionFactor>1.0</progressionFactor>
        </suspendOnFailure>
        <markForSuspension>
            <retriesBeforeSuspension>0</retriesBeforeSuspension>
        </markForSuspension>
    </address>
</endpoint>
