<?xml version="1.0" encoding="UTF-8"?><artifacts>
    <artifact name="ISSViettelUploadConvert2CsvOracleInboundEndpoint" groupId="com.example.inbound-endpoint" version="1.0.0" type="synapse/inbound-endpoint" serverRole="EnterpriseServiceBus">
        <file>src/main/synapse-config/inbound-endpoints/ISSViettelUploadConvert2CsvOracleInboundEndpoint.xml</file>
    </artifact>
    <artifact name="ISSViettelUploadConvert2CsvOracleSuccessFlow" groupId="com.example.sequence" version="1.0.0" type="synapse/sequence" serverRole="EnterpriseServiceBus">
        <file>src/main/synapse-config/sequences/ISSViettelUploadConvert2CsvOracleSuccessFlow.xml</file>
    </artifact>
    <artifact name="ISSViettelUploadConvert2CsvOracleError" groupId="com.example.sequence" version="1.0.0" type="synapse/sequence" serverRole="EnterpriseServiceBus">
        <file>src/main/synapse-config/sequences/ISSViettelUploadConvert2CsvOracleError.xml</file>
    </artifact>
    <artifact name="ViettelCreateNewOracleFile" groupId="com.example.sequence" version="1.0.0" type="synapse/sequence" serverRole="EnterpriseServiceBus">
        <file>src/main/synapse-config/sequences/ViettelCreateNewOracleFile.xml</file>
    </artifact>
    <artifact name="ISSViettelUploadConvert2CsvOracleOutSequence" groupId="com.example.sequence" version="1.0.0" type="synapse/sequence" serverRole="EnterpriseServiceBus">
        <file>src/main/synapse-config/sequences/ISSViettelUploadConvert2CsvOracleOutSequence.xml</file>
    </artifact>
</artifacts>
