<?xml version="1.0" encoding="UTF-8"?>
<sequence name="ISSCitiUploadFileSuccessFlow" trace="disable" xmlns="http://ws.apache.org/ns/synapse">
    <datamapper config="gov:datamapper/CitiCSVFileScanner.dmc" description="Bank2Csv" inputSchema="gov:datamapper/CitiCSVFileScanner_inputSchema.json" inputType="CSV" outputSchema="gov:datamapper/CitiCSVFileScanner_outputSchema.json" outputType="JSON" xsltStyleSheet="gov:datamapper/CitiCSVFileScanner_xsltStyleSheet.xml"/>
    <enrich description="save payload">
        <source clone="true" type="body"/>
        <target property="enrichPayload" type="property"/>
    </enrich>
    <log level="full">
        <property expression="json-eval($.*)" name="body"/>
        <property expression="get-property('enrichPayload')" name="body"/>
    </log>
    <iterate continueParent="true" expression="json-eval($.*)" sequential="true">
        <target>
            <sequence>
                <property expression="json-eval($.id)" name="getId" scope="default" type="STRING"/>
                <property expression="json-eval($.cloud_name)" name="getCloudName" scope="default" type="STRING"/>
                <property expression="json-eval($.TypeName)" name="getTypeName" scope="default" type="STRING"/>
                <filter xpath="boolean(get-property('getId') != 'null')">
                    <then>
                        <payloadFactory media-type="json">
                            <format>{&#xd;
                            "id": "$1",&#xd;
					        "cloud_name": "$2",&#xd;
					        "TypeName": "$3"&#xd;
					    }</format>
                            <args>
                                <arg evaluator="json" expression="$.id"/>
                                <arg evaluator="json" expression="$.cloud_name"/>
                                <arg evaluator="json" expression="$.TypeName"/>
                            </args>
                        </payloadFactory>
                        <property expression="fn:concat(get-property('getId'),',',get-property('getCloudName'),',',get-property('getTypeName'),)" name="eachrow" scope="default" type="STRING"/>
                        <sequence key="ISSCitiUploadFileOutSequence"/>
                        <log level="full">
                            <property expression="get-property('eachrow')" name="url4"/>
                        </log>
                    </then>
                    <else/>
                </filter>
            </sequence>
        </target>
    </iterate>
</sequence>
