<?xml version="1.0" encoding="UTF-8"?>
<sequence name="ISSAirpayUploadFile2OracleOutSequence" trace="disable" xmlns="http://ws.apache.org/ns/synapse">
    <call>
        <endpoint>
            <http method="post" statistics="enable" trace="enable" uri-template="{uri.var.url}">
                <suspendOnFailure>
                    <initialDuration>-1</initialDuration>
                    <progressionFactor>-1</progressionFactor>
                    <maximumDuration>0</maximumDuration>
                </suspendOnFailure>
                <markForSuspension>
                    <retriesBeforeSuspension>1</retriesBeforeSuspension>
                </markForSuspension>
            </http>
            <property name="json" value="{&quot;first_name&quot;: &quot;Tran&quot;,&quot;last_name&quot;: &quot;Lam&quot;,&quot;email&quot;: &quot;ltran&quot;}"/>
        </endpoint>
        <target type="property">TARGET</target>
    </call>
    <property expression="get-property('axis2', 'HTTP_SC')" name="HTTP_SC" scope="axis2" type="STRING"/>
    <property expression="json-eval($.[0].email)" name="email" scope="default" type="STRING"/>
    <log level="custom">
        <property expression="get-property('axis2', 'HTTP_SC')" name="HTTP_SC"/>
        <property expression="$ctx:TARGET" name="TARGET_PAYLOAD"/>
        <property expression="json-eval($.[0].email)" name="email"/>
        <property expression="boolean($ctx:email != '')" name="notext"/>
        <property expression="boolean(get-property('axis2', 'HTTP_SC') = 200)" name="notext"/>
    </log>
    <filter xpath="boolean(get-property('axis2', 'HTTP_SC') = 200)">
        <then>
            <log level="custom">
                <property name="*********" value="CALL HTTP OK"/>
            </log>
        </then>
        <else>
            <log level="custom">
                <property name="*********" value="CALL HTTP ERROR"/>
            </log>
        </else>
    </filter>
</sequence>
