<?xml version="1.0" encoding="UTF-8"?><artifacts>
    <artifact name="ISSTCBUploadConvert2CsvOracleInboundEndpoint" groupId="com.example.inbound-endpoint" version="1.0.0" type="synapse/inbound-endpoint" serverRole="EnterpriseServiceBus">
        <file>src/main/synapse-config/inbound-endpoints/ISSTCBUploadConvert2CsvOracleInboundEndpoint.xml</file>
    </artifact>
    <artifact name="ISSTCBUploadConvert2CsvOracleSuccessFlow" groupId="com.example.sequence" version="1.0.0" type="synapse/sequence" serverRole="EnterpriseServiceBus">
        <file>src/main/synapse-config/sequences/ISSTCBUploadConvert2CsvOracleSuccessFlow.xml</file>
    </artifact>
    <artifact name="ISSTCBUploadConvert2CsvOracleError" groupId="com.example.sequence" version="1.0.0" type="synapse/sequence" serverRole="EnterpriseServiceBus">
        <file>src/main/synapse-config/sequences/ISSTCBUploadConvert2CsvOracleError.xml</file>
    </artifact>
    <artifact name="TCBCreateNewOracleFile" groupId="com.example.sequence" version="1.0.0" type="synapse/sequence" serverRole="EnterpriseServiceBus">
        <file>src/main/synapse-config/sequences/TCBCreateNewOracleFile.xml</file>
    </artifact>
    <artifact name="ISSTCBUploadConvert2CsvOracleOutSequence" groupId="com.example.sequence" version="1.0.0" type="synapse/sequence" serverRole="EnterpriseServiceBus">
        <file>src/main/synapse-config/sequences/ISSTCBUploadConvert2CsvOracleOutSequence.xml</file>
    </artifact>
</artifacts>
