<?xml version="1.0" encoding="UTF-8"?><artifacts>
    <artifact name="ISSCitiUploadOut2Csv" groupId="com.example.inbound-endpoint" version="1.0.0" type="synapse/inbound-endpoint" serverRole="EnterpriseServiceBus">
        <file>src/main/synapse-config/inbound-endpoints/ISSCitiUploadOut2Csv.xml</file>
    </artifact>
    <artifact name="ISSCitiConvertOut2CsvOkSequence" groupId="com.example.sequence" version="1.0.0" type="synapse/sequence" serverRole="EnterpriseServiceBus">
        <file>src/main/synapse-config/sequences/ISSCitiConvertOut2CsvOkSequence.xml</file>
    </artifact>
    <artifact name="ISSCitiConvertOut2CsvErrorSequence" groupId="com.example.sequence" version="1.0.0" type="synapse/sequence" serverRole="EnterpriseServiceBus">
        <file>src/main/synapse-config/sequences/ISSCitiConvertOut2CsvErrorSequence.xml</file>
    </artifact>
    <artifact name="CITI_FTP" groupId="com.example.local-entry" version="1.0.0" type="synapse/local-entry" serverRole="EnterpriseServiceBus">
        <file>\src\main\synapse-config\local-entries\CITI_FTP.xml</file>
    </artifact>
</artifacts>
