<?xml version="1.0" encoding="UTF-8"?><artifacts>
    <artifact name="ISSAirpayUploadFile2OracleInboundEndpoint" groupId="com.example.inbound-endpoint" version="1.0.0" type="synapse/inbound-endpoint" serverRole="EnterpriseServiceBus">
        <file>src/main/synapse-config/inbound-endpoints/ISSAirpayUploadFile2OracleInboundEndpoint.xml</file>
    </artifact>
    <artifact name="ISSAirpayUploadFile2OracleSuccessFlow" groupId="com.example.sequence" version="1.0.0" type="synapse/sequence" serverRole="EnterpriseServiceBus">
        <file>src/main/synapse-config/sequences/ISSAirpayUploadFile2OracleSuccessFlow.xml</file>
    </artifact>
    <artifact name="ISSAirpayUploadFile2OracleError" groupId="com.example.sequence" version="1.0.0" type="synapse/sequence" serverRole="EnterpriseServiceBus">
        <file>src/main/synapse-config/sequences/ISSAirpayUploadFile2OracleError.xml</file>
    </artifact>
    <artifact name="ISSAirpayUploadFile2OracleOutSequence" groupId="com.example.sequence" version="1.0.0" type="synapse/sequence" serverRole="EnterpriseServiceBus">
        <file>src/main/synapse-config/sequences/ISSAirpayUploadFile2OracleOutSequence.xml</file>
    </artifact>
</artifacts>
