<?xml version="1.0" encoding="UTF-8"?>
<localEntry key="TFSVN_EMAIL_CONNECTION" xmlns="http://ws.apache.org/ns/synapse">
    <email.init>
        <requireAuthentication>true</requireAuthentication>
        <connectionType>SMTP</connectionType>
        <password><![CDATA[eknxguxgtiawqnuy]]></password>
        <host>smtp.gmail.com</host>
        <port>587</port>
        <name>TFSVN_EMAIL_CONNECTION</name>
        <username>ltran43coder@gmail.com</username>
        <mail.smtp.starttls.enable>true</mail.smtp.starttls.enable>
    </email.init>
</localEntry>
