<?xml version="1.0" encoding="UTF-8"?>
<api context="/TfsvnTcbPostPayment" name="ISSTCBPostOraclePayment" xmlns="http://ws.apache.org/ns/synapse">
    <resource methods="POST" outSequence="seq9" uri-template="/setPayment">
        <inSequence>
            <property name="ContentType" scope="axis2" type="STRING" value="application/json"/>
            <property name="RESPONSE" scope="default" type="STRING" value="true"/>
            <property action="remove" name="HTTP_SC_DESC" scope="axis2"/>
            <header name="Accept" scope="transport" value="application/json"/>
            <property name="messageType" scope="axis2" type="STRING" value="application/json"/>
            <log level="custom">
                <property name="===inSequence===" value="****"/>
                <property expression="json-eval(.accountNumber)" name="accountNumber"/>
                <property expression="json-eval(.paymentAmount)" name="paymentAmount"/>
                <property expression="json-eval(.paymentReference)" name="paymentReference"/>
                <property expression="json-eval(.plateNumber)" name="plateNumber"/>
                <property expression="json-eval(.note)" name="note"/>
            </log>
            <sequence key="TFSVNPostSequence"/>
        </inSequence>
        <faultSequence/>
    </resource>
</api>
