<?xml version="1.0" encoding="UTF-8"?>
<sequence name="ISSPayooUploadFileOutSequence" trace="disable" xmlns="http://ws.apache.org/ns/synapse">
    <log level="custom">
        <property name="sequence" value="fileWriteSequence"/>
        <property expression="get-property('eachrow')" name="prop1"/>
        <property expression="get-property('getPaymentAmount')" name="prop3"/>
    </log>
    <property expression="fn:concat('out', '.csv')" name="transport.vfs.ReplyFileName" scope="transport" type="STRING"/>
    <payloadFactory media-type="text">
        <format>,
$1,"$2",$3,</format>
        <args>
            <arg evaluator="xml" expression="get-property('eachrow')"/>
            <arg evaluator="xml" expression="get-property('getPaymentAmount')"/>
            <arg value="PASSED"/>
        </args>
    </payloadFactory>
    <send>
        <endpoint name="FileEpr">
            <address uri="vfs:ftp://admin:admin@localhost/home/Payoo/output/?transport.vfs.Append=true">
                <suspendOnFailure>
                    <initialDuration>-1</initialDuration>
                    <progressionFactor>1</progressionFactor>
                </suspendOnFailure>
                <markForSuspension>
                    <retriesBeforeSuspension>0</retriesBeforeSuspension>
                </markForSuspension>
            </address>
        </endpoint>
    </send>
</sequence>
