<?xml version="1.0" encoding="UTF-8"?>
<sequence name="AppendData" trace="disable" xmlns="http://ws.apache.org/ns/synapse">
    <file.write configKey="Test_File_Connection">
        <filePath>\tslam\tslam.csv</filePath>
        <contentOrExpression>"Hello 1234"</contentOrExpression>
        <mimeType>Automatic</mimeType>
        <compress>false</compress>
        <writeMode>Append</writeMode>
        <appendPosition>last</appendPosition>
        <enableStreaming>false</enableStreaming>
        <appendNewLine>true</appendNewLine>
        <enableLock>false</enableLock>
        <includeResultTo>Message Property</includeResultTo>
        <resultPropertyName>appendfile</resultPropertyName>
        <updateLastModified>true</updateLastModified>
    </file.write>
    <log level="custom">
        <property expression="get-property('appendfile')" name="resultappendfile"/>
    </log>
</sequence>
