<?xml version="1.0" encoding="UTF-8"?>
<sequence name="Sequence" trace="disable" xmlns="http://ws.apache.org/ns/synapse">
    <log level="custom">
        <property name="sequence" value="fileWriteSequence"/>
    </log>
    <property expression="get-property('registry','gov:/config.xml')" name="xmlFile" scope="default" type="OM"/>
    <property expression="$ctx:xmlFile//csv" name="uri.var.csvPath" scope="default" type="STRING"/>
    <property expression="$ctx:xmlFile//tslam" name="uri.var.tslamPath" scope="default" type="STRING"/>
    <property expression="$ctx:xmlFile//filename" name="uri.var.filename" scope="default" type="STRING"/>
    <property expression="$ctx:xmlFile//ftp.hostname" name="uri.var.ftp.hostname" scope="default" type="STRING"/>
    <property expression="get-property('filename')" name="transport.vfs.ReplyFileName" scope="transport" type="STRING"/>
    <property expression="fn:concat('vfs:ftp://admin:admin@localhost/home',get-property('uri.var.csvPath'))" name="uri.var.url" scope="default" type="STRING"/>
    <property name="transport.vfs.Append" scope="transport" type="STRING" value="true"/>
    <property name="OUT_ONLY" scope="default" type="STRING" value="true"/>
    <log level="custom">
        <property expression="get-property('uri.var.url')" name="myuri2"/>
    </log>
    <payloadFactory media-type="text">
        <format>1,2,3,4</format>
        <args/>
    </payloadFactory>
    <send>
        <endpoint>
            <http method="get" uri-template="{uri.var.url}">
                <suspendOnFailure>
                    <initialDuration>-1</initialDuration>
                    <progressionFactor>-1</progressionFactor>
                    <maximumDuration>0</maximumDuration>
                </suspendOnFailure>
                <markForSuspension>
                    <retriesBeforeSuspension>0</retriesBeforeSuspension>
                </markForSuspension>
            </http>
        </endpoint>
    </send>
</sequence>
