<?xml version="1.0" encoding="UTF-8"?>
<sequence name="VietinPaymentSequence" trace="disable" xmlns="http://ws.apache.org/ns/synapse">
    <property expression="fn:concat('http://fullcircleapi.sg-s1.cloudhub.io/addCustomer','')" name="uri.var.url" scope="default" type="STRING"/>
    <log level="custom">
        <property name="notext" value="===========inside VietinPayment API============="/>
        <property name="sequence" value="VietinPaymentAPI"/>
        <property expression="get-property('uri.var.id')" name="notext"/>
        <property expression="get-property('uri.var.url')" name="myuri2"/>
    </log>
    <!--
    <call>
        <endpoint>
            <http method="get" uri-template="{uri.var.url}">
                <suspendOnFailure>
                    <initialDuration>-1</initialDuration>
                    <progressionFactor>-1</progressionFactor>
                    <maximumDuration>0</maximumDuration>
                </suspendOnFailure>
                <markForSuspension>
                    <retriesBeforeSuspension>0</retriesBeforeSuspension>
                </markForSuspension>
            </http>
        </endpoint>
        <target type="property">TARGET</target>
    </call>
    -->
    <payloadFactory media-type="json">
        <format>{&#xd;
        "first_name": "Tr",&#xd;
        "last_name": "So",&#xd;
        "email": "La"&#xd;
    }</format>
        <args/>
    </payloadFactory>
    <property name="messageType" scope="axis2" type="STRING" value="application/x-www-form-urlencoded"/>
    <property name="REST_URL_POSTFIX" scope="axis2" type="STRING" value=""/>
    <call blocking="true">
        <endpoint>
            <http method="post" statistics="enable" trace="enable" uri-template="{uri.var.url}">
                <suspendOnFailure>
                    <initialDuration>-1</initialDuration>
                    <progressionFactor>-1</progressionFactor>
                    <maximumDuration>0</maximumDuration>
                </suspendOnFailure>
                <markForSuspension>
                    <retriesBeforeSuspension>1</retriesBeforeSuspension>
                </markForSuspension>
            </http>
        </endpoint>
        <target type="property">TARGET</target>
    </call>
    <property expression="get-property('axis2', 'HTTP_SC')" name="HTTP_SC" scope="axis2" type="STRING"/>
    <log level="custom">
        <property expression="get-property('axis2', 'HTTP_SC')" name="HTTP_SC"/>
        <property expression="$ctx:TARGET" name="TARGET_PAYLOAD"/>
        <property expression="boolean(get-property('axis2', 'HTTP_SC') = 200)" name="notext"/>
    </log>
    <filter xpath="boolean(get-property('axis2', 'HTTP_SC') = 200)">
        <then>
            <log level="custom">
                <property name="*********" value="============CALL HTTP OK=============="/>
            </log>
        </then>
        <else>
            <log level="custom">
                <property name="*********" value="============CALL HTTP ERROR==========="/>
            </log>
        </else>
    </filter>
</sequence>
