<?xml version="1.0" encoding="UTF-8"?><artifacts>
    <artifact name="ISSVietinUploadConvert2CsvOracleInboundEndpoint" groupId="com.example.inbound-endpoint" version="1.0.0" type="synapse/inbound-endpoint" serverRole="EnterpriseServiceBus">
        <file>src/main/synapse-config/inbound-endpoints/ISSVietinUploadConvert2CsvOracleInboundEndpoint.xml</file>
    </artifact>
    <artifact name="ISSVietinUploadConvert2CsvOracleSuccessFlow" groupId="com.example.sequence" version="1.0.0" type="synapse/sequence" serverRole="EnterpriseServiceBus">
        <file>src/main/synapse-config/sequences/ISSVietinUploadConvert2CsvOracleSuccessFlow.xml</file>
    </artifact>
    <artifact name="ISSVietinUploadConvert2CsvOracleError" groupId="com.example.sequence" version="1.0.0" type="synapse/sequence" serverRole="EnterpriseServiceBus">
        <file>src/main/synapse-config/sequences/ISSVietinUploadConvert2CsvOracleError.xml</file>
    </artifact>
    <artifact name="VietinCreateNewOracleFile" groupId="com.example.sequence" version="1.0.0" type="synapse/sequence" serverRole="EnterpriseServiceBus">
        <file>src/main/synapse-config/sequences/VietinCreateNewOracleFile.xml</file>
    </artifact>
    <artifact name="ISSVietinUploadConvert2CsvOracleOutSequence" groupId="com.example.sequence" version="1.0.0" type="synapse/sequence" serverRole="EnterpriseServiceBus">
        <file>src/main/synapse-config/sequences/ISSVietinUploadConvert2CsvOracleOutSequence.xml</file>
    </artifact>
</artifacts>
