<?xml version="1.0" encoding="UTF-8"?><artifacts>
    <artifact name="ISSVietinUploadFile2OracleInboundEndpoint" groupId="com.example.inbound-endpoint" version="1.0.0" type="synapse/inbound-endpoint" serverRole="EnterpriseServiceBus">
        <file>src/main/synapse-config/inbound-endpoints/ISSVietinUploadFile2OracleInboundEndpoint.xml</file>
    </artifact>
    <artifact name="ISSVietinUploadFile2OracleSuccessFlow" groupId="com.example.sequence" version="1.0.0" type="synapse/sequence" serverRole="EnterpriseServiceBus">
        <file>src/main/synapse-config/sequences/ISSVietinUploadFile2OracleSuccessFlow.xml</file>
    </artifact>
    <artifact name="ISSVietinUploadFile2OracleError" groupId="com.example.sequence" version="1.0.0" type="synapse/sequence" serverRole="EnterpriseServiceBus">
        <file>src/main/synapse-config/sequences/ISSVietinUploadFile2OracleError.xml</file>
    </artifact>
    <artifact name="ISSVietinUploadFile2OracleOutSequence" groupId="com.example.sequence" version="1.0.0" type="synapse/sequence" serverRole="EnterpriseServiceBus">
        <file>src/main/synapse-config/sequences/ISSVietinUploadFile2OracleOutSequence.xml</file>
    </artifact>
</artifacts>
