<?xml version="1.0" encoding="UTF-8"?><artifacts>
    <artifact name="ISSAirpayUploadConvert2CsvOracleInboundEndpoint" groupId="com.example.inbound-endpoint" version="1.0.0" type="synapse/inbound-endpoint" serverRole="EnterpriseServiceBus">
        <file>src/main/synapse-config/inbound-endpoints/ISSAirpayUploadConvert2CsvOracleInboundEndpoint.xml</file>
    </artifact>
    <artifact name="ISSAirpayUploadConvert2CsvOracleSuccessFlow" groupId="com.example.sequence" version="1.0.0" type="synapse/sequence" serverRole="EnterpriseServiceBus">
        <file>src/main/synapse-config/sequences/ISSAirpayUploadConvert2CsvOracleSuccessFlow.xml</file>
    </artifact>
    <artifact name="ISSAirpayUploadConvert2CsvOracleError" groupId="com.example.sequence" version="1.0.0" type="synapse/sequence" serverRole="EnterpriseServiceBus">
        <file>src/main/synapse-config/sequences/ISSAirpayUploadConvert2CsvOracleError.xml</file>
    </artifact>
    <artifact name="AirpayCreateNewOracleFile" groupId="com.example.sequence" version="1.0.0" type="synapse/sequence" serverRole="EnterpriseServiceBus">
        <file>src/main/synapse-config/sequences/AirpayCreateNewOracleFile.xml</file>
    </artifact>
    <artifact name="ISSAirpayUploadConvert2CsvOracleOutSequence" groupId="com.example.sequence" version="1.0.0" type="synapse/sequence" serverRole="EnterpriseServiceBus">
        <file>src/main/synapse-config/sequences/ISSAirpayUploadConvert2CsvOracleOutSequence.xml</file>
    </artifact>
</artifacts>
