<?xml version="1.0" encoding="UTF-8"?><artifacts>
    <artifact name="ISSCitiUploadFile2OracleInboundEndpoint" groupId="com.example.inbound-endpoint" version="1.0.0" type="synapse/inbound-endpoint" serverRole="EnterpriseServiceBus">
        <file>src/main/synapse-config/inbound-endpoints/ISSCitiUploadFile2OracleInboundEndpoint.xml</file>
    </artifact>
    <artifact name="ISSCitiUploadFile2OracleSuccessFlow" groupId="com.example.sequence" version="1.0.0" type="synapse/sequence" serverRole="EnterpriseServiceBus">
        <file>src/main/synapse-config/sequences/ISSCitiUploadFile2OracleSuccessFlow.xml</file>
    </artifact>
    <artifact name="ISSCitiUploadFile2OracleError" groupId="com.example.sequence" version="1.0.0" type="synapse/sequence" serverRole="EnterpriseServiceBus">
        <file>src/main/synapse-config/sequences/ISSCitiUploadFile2OracleError.xml</file>
    </artifact>
    <artifact name="ISSCitiUploadFile2OracleOutSequence" groupId="com.example.sequence" version="1.0.0" type="synapse/sequence" serverRole="EnterpriseServiceBus">
        <file>src/main/synapse-config/sequences/ISSCitiUploadFile2OracleOutSequence.xml</file>
    </artifact>
</artifacts>
