{
  "id": "http:\/\/wso2jsonschema.org",
  "title": "root",
  "$schema": "http:\/\/wso2.org\/json-schema\/wso2-data-mapper-v5.0.0\/schema#",
  "attributes": {
    "odata.context": {
      "id": "http:\/\/wso2jsonschema.org\/odata.context",
      "type": "string"
    }
  },
  "properties": {
    "value": {
      "id": "http:\/\/wso2jsonschema.org\/value",
      "type": "array",
      "items": [
        {
          "id": "http:\/\/wso2jsonschema.org\/value\/0",
          "type": "object",
          "properties": {
            "Id": {
              "id": "http:\/\/wso2jsonschema.org\/value\/0\/Id",
              "type": "string"
            },
            "DisplayName": {
              "id": "http:\/\/wso2jsonschema.org\/value\/0\/DisplayName",
              "type": "string"
            },
            "ParentFolderId": {
              "id": "http:\/\/wso2jsonschema.org\/value\/0\/ParentFolderId",
              "type": "string"
            },
            "ChildFolderCount": {
              "id": "http:\/\/wso2jsonschema.org\/value\/0\/ChildFolderCount",
              "type": "number"
            },
            "UnreadItemCount": {
              "id": "http:\/\/wso2jsonschema.org\/value\/0\/UnreadItemCount",
              "type": "number"
            },
            "TotalItemCount": {
              "id": "http:\/\/wso2jsonschema.org\/value\/0\/TotalItemCount",
              "type": "number"
            }
          },
          "attributes": {
            "odata.id": {
              "id": "http:\/\/wso2jsonschema.org\/value\/0\/odata.id",
              "type": "string"
            }
          }
        }
      ]
    }
  },
  "type": "object"
}