<?xml version="1.0" encoding="UTF-8"?><artifacts>
    <artifact name="ISSPayooPostPayment" groupId="com.example.api" version="1.0.0" type="synapse/api" serverRole="EnterpriseServiceBus">
        <file>src/main/synapse-config/api/ISSPayooPostPayment.xml</file>
    </artifact>
    <artifact name="ISSPayooPostPayment_swagger" groupId="com.example.metadata" version="1.0.0" type="synapse/metadata" serverRole="EnterpriseServiceBus">
        <file>src/main/resources/metadata/ISSPayooPostPayment_swagger.yaml</file>
    </artifact>
    <artifact name="ISSPayooPostPayment_metadata" groupId="com.example.metadata" version="1.0.0" type="synapse/metadata" serverRole="EnterpriseServiceBus">
        <file>src/main/resources/metadata/ISSPayooPostPayment_metadata.yaml</file>
    </artifact>
    <artifact name="SendPaymentPayooService" groupId="com.example.sequence" version="1.0.0" type="synapse/sequence" serverRole="EnterpriseServiceBus">
        <file>src/main/synapse-config/sequences/SendPaymentPayooService.xml</file>
    </artifact>
    <artifact name="PayooSequence" groupId="com.example.sequence" version="1.0.0" type="synapse/sequence" serverRole="EnterpriseServiceBus">
        <file>src/main/synapse-config/sequences/PayooSequence.xml</file>
    </artifact>
</artifacts>
