<?xml version="1.0" encoding="UTF-8"?>
<sequence name="ISSViettelUploadConvert2CsvOracleSuccessFlow" trace="disable" xmlns="http://ws.apache.org/ns/synapse">
    <datamapper config="gov:datamapper/ViettelCSVFileScanner.dmc" description="Bank2Csv" inputSchema="gov:datamapper/ViettelCSVFileScanner_inputSchema.json" inputType="CSV" outputSchema="gov:datamapper/ViettelCSVFileScanner_outputSchema.json" outputType="JSON" xsltStyleSheet="gov:datamapper/ViettelCSVFileScanner_xsltStyleSheet.xml"/>
    <property expression="get-property(&quot;SYSTEM_DATE&quot;, &quot;yyyy-MM-dd'T'HH:mm:ss.SSSXXX&quot;)" name="getSysDate" scope="default" type="STRING"/>
    <property expression="get-property('transport','FILE_NAME')" name="filename" scope="default" type="STRING"/>
    <property expression="fn:concat(get-property(&quot;filename&quot;),&quot;-OracleOutput&quot;, &quot;.csv&quot;)" name="outname" scope="default" type="STRING"/>
    <property expression="json-eval($.*)" name="body" scope="default" type="STRING"/>
    <enrich description="save payload">
        <source clone="true" type="body"/>
        <target property="enrichPayload" type="property"/>
    </enrich>
    <log level="custom">
        <property expression="json-eval($.*)" name="body"/>
        <property expression="boolean(get-property('body') != 'null')" name="bool1"/>
    </log>
    <iterate continueParent="true" expression="json-eval($.*)" sequential="true">
        <target>
            <sequence>
                <property expression="json-eval($.UserCode)" name="UserCode" scope="default" type="STRING"/>
                <property expression="json-eval($.AccountNumber)" name="AccountNumber" scope="default" type="STRING"/>
                <property expression="json-eval($.PaymentDate)" name="PaymentDate" scope="default" type="STRING"/>
                <property expression="json-eval($.PaymentAmount)" name="PaymentAmount" scope="default" type="STRING"/>
                <property expression="json-eval($.PaymentReference)" name="PaymentReference" scope="default" type="STRING"/>
                <property expression="json-eval($.PaymentComment)" name="PaymentComment" scope="default" type="STRING"/>
                <filter xpath="boolean(get-property('UserCode') = 'STT')">
                    <then>
                        <payloadFactory media-type="json">
                            <format>{&#xd;
                            "UserCode": "$1",&#xd;
                            "AccountNumber": "$2",&#xd;
					        "PaymentDate": "$3",&#xd;
					        "PaymentAmount": "$4"&#xd;
					        "PaymentReference": "$5"&#xd;
					        "PaymentComment": "$6"&#xd;
					    }</format>
                            <args>
                                <arg evaluator="json" expression="$.UserCode"/>
                                <arg evaluator="json" expression="$.AccountNumber"/>
                                <arg evaluator="json" expression="$.PaymentDate"/>
                                <arg evaluator="json" expression="$.PaymentAmount"/>
                                <arg evaluator="json" expression="$.PaymentReference"/>
                                <arg evaluator="json" expression="$.PaymentComment"/>
                            </args>
                        </payloadFactory>
                        <log level="custom">
                            <property expression="get-property('AccountNumber')" name="url12"/>
                            <property expression="get-property('PaymentDate')" name="url10"/>
                            <property expression="get-property('PaymentAmount')" name="url13"/>
                            <property expression="get-property('PaymentReference')" name="url14"/>
                            <property expression="get-property('PaymentComment')" name="url15"/>
                            <property name="notext" value="Sequence 2, Trong ham THEN"/>
                        </log>
                        <sequence key="ViettelCreateNewOracleFile"/>
                    </then>
                    <else>
                        <payloadFactory media-type="json">
                            <format>{&#xd;
                            "UserCode": "$1",&#xd;
                            "AccountNumber": "$2",&#xd;
					        "PaymentDate": "$3",&#xd;
					        "PaymentAmount": "$4"&#xd;
					        "PaymentReference": "$5"&#xd;
					        "PaymentComment": "$6"&#xd;
					    }</format>
                            <args>
                                <arg evaluator="json" expression="$.UserCode"/>
                                <arg evaluator="json" expression="$.AccountNumber"/>
                                <arg evaluator="json" expression="$.PaymentDate"/>
                                <arg evaluator="json" expression="$.PaymentAmount"/>
                                <arg evaluator="json" expression="$.PaymentReference"/>
                                <arg evaluator="json" expression="$.PaymentComment"/>
                            </args>
                        </payloadFactory>
                        <log level="custom">
                            <property expression="get-property('AccountNumber')" name="url12"/>
                            <property expression="get-property('PaymentDate')" name="url10"/>
                            <property expression="get-property('PaymentAmount')" name="url13"/>
                            <property expression="get-property('PaymentReference')" name="url14"/>
                            <property expression="get-property('PaymentComment')" name="url15"/>
                            <property name="notext" value="Sequence 2, Trong ham ELSE"/>
                        </log>
                        <sequence key="ISSViettelUploadConvert2CsvOracleOutSequence"/>
                    </else>
                </filter>
            </sequence>
        </target>
    </iterate>
    <log level="custom">
        <property name="a2" value="Xong sequence 2"/>
    </log>
</sequence>
