<?xml version="1.0" encoding="UTF-8"?>
<sequence name="ViettelCreateNewOracleFile" trace="disable" xmlns="http://ws.apache.org/ns/synapse">
    <log level="custom">
        <property name="sequence" value="ViettelCreateNewOracleFile"/>
        <property expression="get-property(&quot;getSysDate&quot;)" name="date1"/>
        <property expression="get-property('transport','FILE_NAME')" name="filename"/>
    </log>
    <property expression="get-property(&quot;outname&quot;)" name="transport.vfs.ReplyFileName" scope="transport" type="STRING"/>
    <payloadFactory media-type="text">
        <format>,
$1,$2,$3,$4,$5,$6,$7</format>
        <args>
            <arg value="TFSVN"/>
            <arg value="VND"/>
            <arg value="CASH"/>
            <arg value="PAYMENT MANUAL"/>
            <arg value="3"/>
            <arg value="3000"/>
            <arg value="POST"/>
        </args>
    </payloadFactory>
    <send>
        <endpoint name="FileEpr">
            <address uri="vfs:file:///opt/data/Oracle/sftp.viettelpay/result/?transport.vfs.Append=true">
                <suspendOnFailure>
                    <initialDuration>-1</initialDuration>
                    <progressionFactor>1</progressionFactor>
                </suspendOnFailure>
                <markForSuspension>
                    <retriesBeforeSuspension>0</retriesBeforeSuspension>
                </markForSuspension>
            </address>
        </endpoint>
    </send>
</sequence>
