<?xml version="1.0" encoding="UTF-8"?><artifacts>
    <artifact name="ISSPayooUploadFile2OracleInboundEnpoint" groupId="com.example.inbound-endpoint" version="1.0.0" type="synapse/inbound-endpoint" serverRole="EnterpriseServiceBus">
        <file>src/main/synapse-config/inbound-endpoints/ISSPayooUploadFile2OracleInboundEnpoint.xml</file>
    </artifact>
    <artifact name="ISSPayooUploadFile2OracleSuccessFlow" groupId="com.example.sequence" version="1.0.0" type="synapse/sequence" serverRole="EnterpriseServiceBus">
        <file>src/main/synapse-config/sequences/ISSPayooUploadFile2OracleSuccessFlow.xml</file>
    </artifact>
    <artifact name="ISSPayooUploadFile2OracleError" groupId="com.example.sequence" version="1.0.0" type="synapse/sequence" serverRole="EnterpriseServiceBus">
        <file>src/main/synapse-config/sequences/ISSPayooUploadFile2OracleError.xml</file>
    </artifact>
    <artifact name="ISSPayooUploadFile2OracleOutSequence" groupId="com.example.sequence" version="1.0.0" type="synapse/sequence" serverRole="EnterpriseServiceBus">
        <file>src/main/synapse-config/sequences/ISSPayooUploadFile2OracleOutSequence.xml</file>
    </artifact>
</artifacts>
