<?xml version="1.0" encoding="UTF-8"?>
<!--
~  Copyright (c) 2016, WSO2 Inc. (http://www.wso2.org) All Rights Reserved.
~
~  WSO2 Inc. licenses this file to you under the Apache License,
~  Version 2.0 (the "License"); you may not use this file except
~  in compliance with the License.
~  You may obtain a copy of the License at
~
~    http://www.apache.org/licenses/LICENSE-2.0
~
~  Unless required by applicable law or agreed to in writing,
~  software distributed under the License is distributed on an
~  "AS IS" BASIS, WITHOUT WARRANTIES OR CONDITIONS OF ANY
~  KIND, either express or implied.  See the License for the
~  specific language governing permissions and limitations
~  under the License.
-->

<component name="folders" type="synapse/template">
    <subComponents>
        <component name="getFolder">
            <file>getFolder.xml</file>
            <description>Get folder collection under root folder.</description>
        </component>
        <component name="getChildFolder">
            <file>getChildFolder.xml</file>
            <description>Get folder collection under the specified folder.</description>
        </component>
        <component name="createFolder">
            <file>createFolder.xml</file>
            <description>Create a child folder.</description>
        </component>
        <component name="deleteFolder">
            <file>deleteFolder.xml</file>
            <description>Delete a folder and all of its contents.</description>
        </component>
        <component name="moveFolder">
            <file>moveFolder.xml</file>
            <description>Move or copy a folder to another folder.</description>
        </component>
    </subComponents>
</component>
