<?xml version="1.0" encoding="UTF-8"?>
<!--
~  Copyright (c) 2016, WSO2 Inc. (http://www.wso2.org) All Rights Reserved.
~
~  WSO2 Inc. licenses this file to you under the Apache License,
~  Version 2.0 (the "License"); you may not use this file except
~  in compliance with the License.
~  You may obtain a copy of the License at
~
~    http://www.apache.org/licenses/LICENSE-2.0
~
~  Unless required by applicable law or agreed to in writing,
~  software distributed under the License is distributed on an
~  "AS IS" BASIS, WITHOUT WARRANTIES OR CONDITIONS OF ANY
~  KIND, either express or implied.  See the License for the
~  specific language governing permissions and limitations
~  under the License.
-->

<template name="moveFolder" xmlns="http://ws.apache.org/ns/synapse">
    <parameter name="folderId" description="The folder ID or name."/>
    <parameter name="destinationId" description="The destination folder ID."/>
    <sequence>
        <property name="uri.var.folderId" expression="$func:folderId"/>
        <property name="uri.var.destinationId" expression="$func:destinationId"/>
        <payloadFactory media-type="json">
            <format>
                {
                    "DestinationId":"$1"
                }
            </format>
            <args>
                <arg expression="$ctx:uri.var.destinationId"/>
            </args>
        </payloadFactory>
        <call>
            <endpoint>
                <http method="POST"
                      uri-template="{uri.var.apiUrl}/{uri.var.apiVersion}/me/MailFolders/{+uri.var.folderId}/move"/>
            </endpoint>
        </call>
    </sequence>
</template>