<?xml version="1.0" encoding="UTF-8"?><artifacts>
    <artifact name="ISSVietinBankPostPayment" groupId="com.example.api" version="1.0.0" type="synapse/api" serverRole="EnterpriseServiceBus">
        <file>src/main/synapse-config/api/ISSVietinBankPostPayment.xml</file>
    </artifact>
    <artifact name="ISSVietinBankPostPayment_swagger" groupId="com.example.metadata" version="1.0.0" type="synapse/metadata" serverRole="EnterpriseServiceBus">
        <file>src/main/resources/metadata/ISSVietinBankPostPayment_swagger.yaml</file>
    </artifact>
    <artifact name="ISSVietinBankPostPayment_metadata" groupId="com.example.metadata" version="1.0.0" type="synapse/metadata" serverRole="EnterpriseServiceBus">
        <file>src/main/resources/metadata/ISSVietinBankPostPayment_metadata.yaml</file>
    </artifact>
    <artifact name="VietinPaymentSequence" groupId="com.example.sequence" version="1.0.0" type="synapse/sequence" serverRole="EnterpriseServiceBus">
        <file>src/main/synapse-config/sequences/VietinPaymentSequence.xml</file>
    </artifact>
</artifacts>
