<?xml version="1.0" encoding="UTF-8"?>
<sequence name="Sequence" trace="disable" xmlns="http://ws.apache.org/ns/synapse">
    <call>
        <endpoint>
            <http method="get" statistics="enable" trace="enable" uri-template="{uri.var.url}">
                <suspendOnFailure>
                    <initialDuration>-1</initialDuration>
                    <progressionFactor>-1</progressionFactor>
                    <maximumDuration>0</maximumDuration>
                </suspendOnFailure>
                <markForSuspension>
                    <retriesBeforeSuspension>1</retriesBeforeSuspension>
                </markForSuspension>
            </http>
        </endpoint>
        <target type="property">TARGET</target>
    </call>
    <log level="custom">
        <property expression="get-property('axis2', 'HTTP_SC')" name="HTTP_SC"/>
        <property expression="$ctx:TARGET" name="TARGET_PAYLOAD"/>
        <property expression="json-eval($.[0].email)" name="email"/>
    </log>
    <filter regex="null" source="boolean(get-property('email'))">
        <then>
            <log level="custom">
                <property name="*********" value="NULL"/>
            </log>
        </then>
        <else>
            <log level="custom">
                <property name="*********" value="NOT NULL"/>
            </log>
            <email.send configKey="TFSVN_CMC_EMAIL">
                <from>ltran43coder@gmail.com</from>
                <to>ltran43coder@gmail.com</to>
                <subject>[TFSVN-WSO2] test new ISS system</subject>
                <content>Done TfsvnAirpayUploadAPI</content>
            </email.send>
        </else>
    </filter>
    <!--
        <property name="HTTP_METHOD" value="POST"/>
        <property name="messageType" value="text/xml"/>
        <property name="BLOCKING_SENDER_PRESERVE_REQ_HEADERS" value="false"/>
        -->
</sequence>
