<?xml version="1.0" encoding="UTF-8"?>
<sequence name="TfsvnAirpayUploadAPIError" trace="disable" xmlns="http://ws.apache.org/ns/synapse">
    <log description="Log error details in case of failure" level="full">
        <property name="MESSAGE" value="An unexpected error occurred."/>
        <property expression="$ctx:SYNAPSE_REST_API" name="REST_API"/>
        <property expression="$ctx:ERROR_CODE" name="ERROR_CODE"/>
        <property expression="$ctx:ERROR_MESSAGE" name="ERROR_MESSAGE"/>
        <property expression="$ctx:ERROR_DETAIL" name="ERROR_DETAIL"/>
        <property expression="$ctx:ERROR_EXCEPTION" name="ERROR_EXCEPTION"/>
        <property expression="get-property('ERROR_CODE')" name="ERROR_CODE1"/>
    </log>
    <payloadFactory media-type="xml">
        <format>
            <Error>$1</Error>
        </format>
        <args>
            <arg evaluator="xml" expression="get-property('ERROR_CODE')"/>
        </args>
    </payloadFactory>
</sequence>
