<?xml version="1.0" encoding="UTF-8"?>
<sequence name="TfsvnAirpayUploadAPISuccess" trace="disable" xmlns="http://ws.apache.org/ns/synapse">
    <datamapper config="gov:datamapper/AirpayFileScanner.dmc" description="Airpay2Json" inputSchema="gov:datamapper/AirpayFileScanner_inputSchema.json" inputType="CSV" outputSchema="gov:datamapper/AirpayFileScanner_outputSchema.json" outputType="JSON" xsltStyleSheet="gov:datamapper/AirpayFileScanner_xsltStyleSheet.xml"/>
    <log level="full">
        <property expression="json-eval($.*)" name="body"/>
    </log>
    <iterate continueParent="true" expression="json-eval($.*)" sequential="true">
        <target>
            <sequence>
                <property expression="json-eval($.id)" name="getId" scope="default" type="STRING"/>
                <log level="full">
                    <property expression="get-property('getId')" name="getId"/>
                </log>
                <filter xpath="boolean(get-property('getId') != 'null')">
                    <then>
                        <payloadFactory media-type="json">
                            <format>{&#xd;
					        "id": "$1",&#xd;
					        "cloud_name": "$2",&#xd;
					        "number": "$3",&#xd;
					        "TypeName": "$4"&#xd;
					    }</format>
                            <args>
                                <arg evaluator="json" expression="$.id"/>
                                <arg evaluator="json" expression="$.cloud_name"/>
                                <arg evaluator="json" expression="$.number"/>
                                <arg evaluator="json" expression="$.TypeName"/>
                            </args>
                        </payloadFactory>
                        <property expression="fn:concat('http://fullcircleapi.sg-s1.cloudhub.io/getCustomerByID/', get-property('getId'))" name="uri.var.url" scope="default" type="STRING"/>
                        <log level="full">
                            <property expression="get-property('uri.var.url')" name="url"/>
                        </log>
                        <sequence key="Sequence"/>
                        <log level="full"/>
                    </then>
                    <else/>
                </filter>
            </sequence>
        </target>
    </iterate>
</sequence>
