<?xml version="1.0" encoding="UTF-8"?><artifacts>
    <artifact name="ISSTCBUploadFile2OracleInboundEndpoint" groupId="com.example.inbound-endpoint" version="1.0.0" type="synapse/inbound-endpoint" serverRole="EnterpriseServiceBus">
        <file>src/main/synapse-config/inbound-endpoints/ISSTCBUploadFile2OracleInboundEndpoint.xml</file>
    </artifact>
    <artifact name="ISSTCBUploadFile2OracleSuccessFlow" groupId="com.example.sequence" version="1.0.0" type="synapse/sequence" serverRole="EnterpriseServiceBus">
        <file>src/main/synapse-config/sequences/ISSTCBUploadFile2OracleSuccessFlow.xml</file>
    </artifact>
    <artifact name="ISSTCBUploadFile2OracleError" groupId="com.example.sequence" version="1.0.0" type="synapse/sequence" serverRole="EnterpriseServiceBus">
        <file>src/main/synapse-config/sequences/ISSTCBUploadFile2OracleError.xml</file>
    </artifact>
    <artifact name="ISSTCBUploadFile2OracleOutSequence" groupId="com.example.sequence" version="1.0.0" type="synapse/sequence" serverRole="EnterpriseServiceBus">
        <file>src/main/synapse-config/sequences/ISSTCBUploadFile2OracleOutSequence.xml</file>
    </artifact>
</artifacts>
