<?xml version="1.0" encoding="UTF-8"?>
<sequence name="TFSVNPostSequence" trace="disable" xmlns="http://ws.apache.org/ns/synapse">
    <property expression="json-eval(.accountNumber)" name="accountNumber" scope="axis2" type="STRING"/>
    <property expression="json-eval(.paymentAmount)" name="paymentAmount" scope="axis2" type="STRING"/>
    <property expression="boolean(get-property('axis2', 'accountNumber') = '[]')" name="LoiKhongTimThay" scope="axis2" type="STRING"/>
    <property expression="boolean(get-property('axis2', 'accountNumber') = '[&quot;&quot;]')" name="LoiBienRong" scope="axis2" type="STRING"/>
    <property expression="boolean(get-property('axis2', 'accountNumber') = '[null]')" name="LoiBienNull" scope="axis2" type="STRING"/>
    <property expression="boolean(get-property('axis2', 'accountNumber') = '')" name="loiCuPhap" scope="axis2" type="STRING"/>
    <log level="custom">
        <property name="****" value="======TFSVNPostSequence====="/>
        <property expression="json-eval(.accountNumber)" name="accountNumber"/>
        <property expression="json-eval(.paymentAmount)" name="paymentAmount"/>
        <property expression="json-eval(.paymentReference)" name="paymentReference"/>
        <property expression="json-eval(.plateNumber)" name="plateNumber"/>
        <property expression="json-eval(.note)" name="note"/>
        <property expression="get-property('axis2', 'LoiKhongTimThay')" name="LoiKhongTimThay1"/>
        <property expression="get-property('axis2', 'LoiBienRong')" name="LoiBienRong1"/>
        <property expression="get-property('axis2', 'LoiBienNull')" name="LoiBienNull1"/>
        <property expression="get-property('axis2', 'loiCuPhap')" name="loiCuPhap1"/>
        <property expression="get-property('axis2', 'LoiKhongTimThay') = 'false'" name="notext"/>
        <property expression="boolean(get-property('axis2', 'LoiKhongTimThay') = 'false')" name="notext"/>
        <property expression="get-property('axis2', 'LoiKhongTimThay') = false" name="notext"/>
        <property expression="boolean(get-property('axis2', 'LoiKhongTimThay') = false)" name="notext"/>
    </log>
    <property name="messageType" scope="axis2" type="STRING" value="application/x-www-form-urlencoded"/>
    <property name="REST_URL_POSTFIX" scope="axis2" type="STRING" value=""/>
    <property name="SC_ACCEPTED" scope="axis2" type="STRING" value="false"/>
    <property name="HTTP_SC" scope="axis2" type="STRING" value="200"/>
    <property name="RETURNCODE" scope="default" type="STRING" value="OK"/>
    <filter xpath="get-property('axis2', 'LoiKhongTimThay') = 'true'">
        <then>
            <property name="RETURNCODE" scope="default" type="STRING" value="LoiKhongTimThay"/>
        </then>
        <else/>
    </filter>
    <filter xpath="get-property('axis2', 'LoiBienRong') = 'true'">
        <then>
            <property name="RETURNCODE" scope="default" type="STRING" value="LoiBienRong"/>
        </then>
        <else/>
    </filter>
    <filter xpath="get-property('axis2', 'LoiBienNull') = 'true'">
        <then>
            <property name="RETURNCODE" scope="default" type="STRING" value="LoiBienNull"/>
        </then>
        <else/>
    </filter>
    <filter xpath="get-property('axis2', 'loiCuPhap') = 'true'">
        <then>
            <property name="RETURNCODE" scope="default" type="STRING" value="loiCuPhap"/>
        </then>
        <else/>
    </filter>
    <log level="custom">
        <property name="***" value="===RETURNCODE==="/>
        <property expression="$ctx:RETURNCODE" name="RETURNCODE1"/>
        <property expression="get-property('default', 'RETURNCODE')" name="RETURNCODE2"/>
    </log>
    <switch source="get-property('RETURNCODE')">
        <case regex="LoiKhongTimThay">
            <log level="custom">
                <property name="***" value="===CALL HTTP ERROR==="/>
            </log>
            <payloadFactory media-type="text">
                <format>{"Status":"ERROR NOT FOUND", "ReturnCode": "40004"}</format>
                <args/>
            </payloadFactory>
            <respond/>
        </case>
        <case regex="LoiBienRong">
            <log level="custom">
                <property name="***" value="===CALL HTTP ERROR==="/>
            </log>
            <payloadFactory media-type="text">
                <format>{"Status":"ERROR EMPTY", "ReturnCode": "40001"}</format>
                <args/>
            </payloadFactory>
            <respond/>
        </case>
        <case regex="LoiBienNull">
            <log level="custom">
                <property name="***" value="===CALL HTTP ERROR==="/>
            </log>
            <payloadFactory media-type="text">
                <format>{"Status":"ERROR NULL", "ReturnCode": "40002"}</format>
                <args/>
            </payloadFactory>
            <respond/>
        </case>
        <case regex="loiCuPhap">
            <log level="custom">
                <property name="***" value="===CALL HTTP ERROR==="/>
            </log>
            <payloadFactory media-type="text">
                <format>{"Status":"ERROR SYNTAX", "ReturnCode": "40003"}</format>
                <args/>
            </payloadFactory>
            <respond/>
        </case>
        <default>
            <log level="custom">
                <property name="***" value="===CALL HTTP OK==="/>
            </log>
            <payloadFactory media-type="text">
                <format>{"Status":"OK", "ReturnCode": "20000"}</format>
                <args/>
            </payloadFactory>
            <respond/>
        </default>
    </switch>
    <!-- <filter xpath="get-property('axis2', 'LoiKhongTimThay') = 'false'">
        <then>
            <log level="custom">
                <property name="*********" value="============CALL HTTP OK=============="/>
            </log>
            <payloadFactory media-type="text">
                <format>{"Status":"OK", "ReturnCode": "200"}</format>
                <args/>
            </payloadFactory>
            <respond/>
        </then>
        <else>
            <filter xpath="boolean(get-property('axis2', 'LoiBienRong') = 'false')">
                <then>
                    <log level="custom">
                        <property name="*********" value="============CALL HTTP OK=============="/>
                    </log>
                    <payloadFactory media-type="text">
                        <format>{"Status":"OK", "ReturnCode": "2001"}</format>
                        <args/>
                    </payloadFactory>
                    <respond/>
                </then>
                <else>
                    <filter xpath="boolean(get-property('axis2', 'LoiBienNull') = 'false')">
                        <then>
                            <log level="custom">
                                <property name="*********" value="============CALL HTTP OK=============="/>
                            </log>
                            <payloadFactory media-type="text">
                                <format>{"Status":"OK", "ReturnCode": "2002"}</format>
                                <args/>
                            </payloadFactory>
                            <respond/>
                        </then>
                        <else>
                            <filter xpath="boolean(get-property('axis2', 'loiCuPhap') = 'false')">
                                <then>
                                    <log level="custom">
                                        <property name="*********" value="============CALL HTTP OK=============="/>
                                    </log>
                                    <payloadFactory media-type="text">
                                        <format>{"Status":"OK", "ReturnCode": "2003"}</format>
                                        <args/>
                                    </payloadFactory>
                                    <respond/>
                                </then>
                                <else>
                                    <log level="custom">
                                        <property name="*********" value="============CALL HTTP ERROR==========="/>
                                    </log>
                                    <payloadFactory media-type="text">
                                        <format>{"Status":"ERROR", "ReturnCode": "501"}</format>
                                        <args/>
                                    </payloadFactory>
                                    <respond/>
                                </else>
                            </filter>
                            <respond/>
                        </else>
                    </filter>
                    <respond/>
                </else>
            </filter>
            <respond/>
        </else>
    </filter> -->
</sequence>
