<?xml version="1.0" encoding="UTF-8"?>
<api context="/save2Csv" name="SaveToCsv" publishSwagger="/swg/save2Csv" xmlns="http://ws.apache.org/ns/synapse">
    <resource methods="GET">
        <inSequence>
            <property expression="get-property('registry','gov:/config.xml')" name="xmlFile" scope="default" type="OM"/>
            <property expression="$ctx:xmlFile//csv" name="csvPath" scope="default" type="STRING"/>
            <property expression="$ctx:xmlFile//tslam" name="tslamPath" scope="default" type="STRING"/>
            <property expression="$ctx:xmlFile//filename" name="filename" scope="default" type="STRING"/>
            <log level="custom">
                <property expression="$ctx:xmlFile//csv" name="csvPath1"/>
                <property expression="$ctx:xmlFile//tslam" name="tslamPath1"/>
                <property expression="$ctx:xmlFile//filename" name="filename1"/>
            </log>
            <file.checkExist configKey="FTP_Connection">
                <path>{get-property('tslamPath')}</path>
                <includeResultTo>Message Property</includeResultTo>
                <resultPropertyName>result</resultPropertyName>
            </file.checkExist>
            <log level="custom">
                <property expression="get-property('result')" name="result"/>
            </log>
            <switch source="get-property('result')">
                <case regex="false">
                    <file.createDirectory configKey="FTP_Connection">
                        <directoryPath>{get-property('tslamPath')}</directoryPath>
                    </file.createDirectory>
                </case>
                <default>
                    <log>
                        <property name="notext" value="Folder existed"/>
                    </log>
                </default>
            </switch>
            <file.checkExist configKey="FTP_Connection">
                <path>{get-property('csvPath')}</path>
                <includeResultTo>Message Property</includeResultTo>
                <resultPropertyName>fileresult</resultPropertyName>
            </file.checkExist>
            <log level="custom">
                <property expression="get-property('fileresult')" name="fileresult"/>
            </log>
            <switch source="get-property('fileresult')">
                <case regex="false">
                    <sequence key="Sequence"/>
                    <log>
                        <property name="notext" value="File created"/>
                        <property expression="get-property('createfileresult')" name="notext"/>
                    </log>
                </case>
                <default>
                    <sequence key="AppendData"/>
                    <log>
                        <property name="notext" value="File existed"/>
                    </log>
                </default>
            </switch>
            <log>
                <property name="notext" value="API called completedly"/>
            </log>
            <respond/>
        </inSequence>
        <outSequence/>
        <faultSequence/>
    </resource>
</api>
