<?xml version="1.0" encoding="UTF-8"?>
<api context="/testEmail" name="TestEmail" xmlns="http://ws.apache.org/ns/synapse">
    <resource methods="GET">
        <inSequence>
            <email.send configKey="SMTP_TLS_CMC">
                <from>ltran43coder@gmail.com</from>
                <to>tslam86@myself.com</to>
                <subject>[TFSVN-WSO2] test new ISS system</subject>
                <content>Done TfsvnAirpayUploadAPI</content>
            </email.send>
            <log/>
        </inSequence>
        <outSequence/>
        <faultSequence/>
    </resource>
</api>
