<?xml version="1.0" encoding="UTF-8"?><artifacts>
    <artifact name="TestEmail_1.0.0" groupId="com.example.api" version="1.0.0" type="synapse/api" serverRole="EnterpriseServiceBus">
        <file>src/main/synapse-config/api/TestEmail_1.0.0.xml</file>
    </artifact>
    <artifact name="TestEmail_1.0.0_swagger" groupId="com.example.metadata" version="1.0.0" type="synapse/metadata" serverRole="EnterpriseServiceBus">
        <file>src/main/resources/metadata/TestEmail_1.0.0_swagger.yaml</file>
    </artifact>
    <artifact name="TestEmail_1.0.0_metadata" groupId="com.example.metadata" version="1.0.0" type="synapse/metadata" serverRole="EnterpriseServiceBus">
        <file>src/main/resources/metadata/TestEmail_1.0.0_metadata.yaml</file>
    </artifact>
    <artifact name="SMTP_CMC_EMAIL" groupId="com.example.local-entry" version="1.0.0" type="synapse/local-entry" serverRole="EnterpriseServiceBus">
        <file>\src\main\synapse-config\local-entries\SMTP_CMC_EMAIL.xml</file>
    </artifact>
    <artifact name="SMTP_TLS_CMC" groupId="com.example.local-entry" version="1.0.0" type="synapse/local-entry" serverRole="EnterpriseServiceBus">
        <file>\src\main\synapse-config\local-entries\SMTP_TLS_CMC.xml</file>
    </artifact>
    <artifact name="SaveToCsv" groupId="com.example.api" version="1.0.0" type="synapse/api" serverRole="EnterpriseServiceBus">
        <file>src/main/synapse-config/api/SaveToCsv.xml</file>
    </artifact>
    <artifact name="SaveToCsv_swagger" groupId="com.example.metadata" version="1.0.0" type="synapse/metadata" serverRole="EnterpriseServiceBus">
        <file>src/main/resources/metadata/SaveToCsv_swagger.yaml</file>
    </artifact>
    <artifact name="SaveToCsv_metadata" groupId="com.example.metadata" version="1.0.0" type="synapse/metadata" serverRole="EnterpriseServiceBus">
        <file>src/main/resources/metadata/SaveToCsv_metadata.yaml</file>
    </artifact>
    <artifact name="Test_File_Connection" groupId="com.example.local-entry" version="1.0.0" type="synapse/local-entry" serverRole="EnterpriseServiceBus">
        <file>\src\main\synapse-config\local-entries\Test_File_Connection.xml</file>
    </artifact>
    <artifact name="Sequence" groupId="com.example.sequence" version="1.0.0" type="synapse/sequence" serverRole="EnterpriseServiceBus">
        <file>src/main/synapse-config/sequences/Sequence.xml</file>
    </artifact>
    <artifact name="AppendData" groupId="com.example.sequence" version="1.0.0" type="synapse/sequence" serverRole="EnterpriseServiceBus">
        <file>src/main/synapse-config/sequences/AppendData.xml</file>
    </artifact>
    <artifact name="FTP_Connection" groupId="com.example.local-entry" version="1.0.0" type="synapse/local-entry" serverRole="EnterpriseServiceBus">
        <file>\src\main\synapse-config\local-entries\FTP_Connection.xml</file>
    </artifact>
</artifacts>
