<?xml version="1.0" encoding="UTF-8"?>
<sequence name="ISSAirpayUploadConvert2CsvOracleSuccessFlow" trace="disable" xmlns="http://ws.apache.org/ns/synapse">
    <!--
    <property expression="get-property('transport','FILE_NAME')" name="filename" scope="default" type="STRING"/>
    <property expression="fn:concat(get-property(&quot;filename&quot;),&quot;-OracleOutput&quot;, &quot;.csv&quot;)" name="outname" scope="default" type="STRING"/>
    <file.rename configKey="AIRPAY_FTP">
        <path>AirPayExample1.apy</path>
        <renameTo>AirPayExample1.csv</renameTo>
        <overwrite>true</overwrite>
    </file.rename>
    <log level="custom">
        <property expression="get-property(&quot;filename&quot;)" name="====="/>
    </log>
    -->
    <datamapper config="gov:datamapper/AirpayOracleCSVFileScanner.dmc" description="Bank2Csv" inputSchema="gov:datamapper/AirpayOracleCSVFileScanner_inputSchema.json" inputType="CSV" outputSchema="gov:datamapper/AirpayOracleCSVFileScanner_outputSchema.json" outputType="JSON" xsltStyleSheet="gov:datamapper/AirpayOracleCSVFileScanner_xsltStyleSheet.xml"/>
    <log level="custom">
        <property expression="json-eval($.*)" name="body"/>
    </log>
    <property expression="get-property(&quot;SYSTEM_DATE&quot;, &quot;yyyy-MM-dd'T'HH:mm:ss.SSSXXX&quot;)" name="getSysDate" scope="default" type="STRING"/>
    <property expression="get-property('transport','FILE_NAME')" name="filename" scope="default" type="STRING"/>
    <property expression="fn:concat(get-property(&quot;filename&quot;),&quot;-OracleOutput&quot;, &quot;.csv&quot;)" name="outname" scope="default" type="STRING"/>
    <enrich description="save payload">
        <source clone="true" type="body"/>
        <target property="enrichPayload" type="property"/>
    </enrich>
    <log level="custom">
        <property expression="json-eval($.*)" name="body"/>
    </log>
    <iterate continueParent="true" expression="json-eval($.*)" sequential="true">
        <target>
            <sequence>
                <property expression="json-eval($.PaymentDate)" name="getPaymentDate" scope="default" type="STRING"/>
                <property expression="json-eval($.PaymentReference)" name="getPaymentReference" scope="default" type="STRING"/>
                <property expression="json-eval($.AccountNumber)" name="getAccountNumber" scope="default" type="STRING"/>
                <property expression="json-eval($.PaymentAmount)" name="getPaymentAmount" scope="default" type="STRING"/>
                <property expression="json-eval($.PaymentComment)" name="getPaymentComment" scope="default" type="STRING"/>
                <log level="custom">
                    <property expression="$ctx:getPaymentDate" name="notext"/>
                    <property expression="boolean($ctx:getPaymentDate = 'dd/mm/yyyy')" name="notext"/>
                </log>
                <filter xpath="boolean($ctx:getPaymentDate = 'dd/mm/yyyy')">
                    <then>
                        <payloadFactory media-type="json">
                            <format>{&#xd;
                            "PaymentDate": "$1",&#xd;
					        "PaymentReference": "$2",&#xd;
					        "AccountNumber": "$3"&#xd;
					        "PaymentAmount": "$4"&#xd;
					        "PaymentComment": "$5"&#xd;
					    }</format>
                            <args>
                                <arg evaluator="json" expression="$.PaymentDate"/>
                                <arg evaluator="json" expression="$.PaymentReference"/>
                                <arg evaluator="json" expression="$.AccountNumber"/>
                                <arg evaluator="json" expression="$.PaymentAmount"/>
                                <arg evaluator="json" expression="$.PaymentComment"/>
                            </args>
                        </payloadFactory>
                        <log level="custom">
                            <property expression="get-property('getPaymentDate')" name="notext"/>
                            <property expression="get-property('getPaymentReference')" name="notext"/>
                            <property expression="get-property('getAccountNumber')" name="notext"/>
                            <property expression="get-property('getPaymentAmount')" name="notext"/>
                            <property expression="get-property('getPaymentComment')" name="notext"/>
                        </log>
                        <sequence key="AirpayCreateNewOracleFile"/>
                        <log level="custom">
                            <property name="notext" value="===============AirpayCreateNewOracleFile=========DONE"/>
                        </log>
                    </then>
                    <else>
                        <payloadFactory media-type="json">
                            <format>{&#xd;
                            "PaymentDate": "$1",&#xd;
					        "PaymentReference": "$2",&#xd;
					        "AccountNumber": "$3"&#xd;
					        "PaymentAmount": "$4"&#xd;
					        "PaymentComment": "$5"&#xd;
					    }</format>
                            <args>
                                <arg evaluator="json" expression="$.PaymentDate"/>
                                <arg evaluator="json" expression="$.PaymentReference"/>
                                <arg evaluator="json" expression="$.AccountNumber"/>
                                <arg evaluator="json" expression="$.PaymentAmount"/>
                                <arg evaluator="json" expression="$.PaymentComment"/>
                            </args>
                        </payloadFactory>
                        <log level="custom">
                            <property expression="get-property('getPaymentDate')" name="notext"/>
                            <property expression="get-property('getPaymentReference')" name="notext"/>
                            <property expression="get-property('getAccountNumber')" name="notext"/>
                            <property expression="get-property('getPaymentAmount')" name="notext"/>
                            <property expression="get-property('getPaymentComment')" name="notext"/>
                        </log>
                        <sequence key="ISSAirpayUploadConvert2CsvOracleOutSequence"/>
                        <log level="custom">
                            <property name="notext" value="===============ISSAirpayUploadConvert2CsvOracleOutSequence=========DONE"/>
                        </log>
                    </else>
                </filter>
            </sequence>
        </target>
    </iterate>
</sequence>
