<?xml version="1.0" encoding="UTF-8"?><artifacts>
    <artifact name="ISSViettelUploadFile2OracleInboundEndpoint" groupId="com.example.inbound-endpoint" version="1.0.0" type="synapse/inbound-endpoint" serverRole="EnterpriseServiceBus">
        <file>src/main/synapse-config/inbound-endpoints/ISSViettelUploadFile2OracleInboundEndpoint.xml</file>
    </artifact>
    <artifact name="ISSViettelUploadFile2OracleSuccessFlow" groupId="com.example.sequence" version="1.0.0" type="synapse/sequence" serverRole="EnterpriseServiceBus">
        <file>src/main/synapse-config/sequences/ISSViettelUploadFile2OracleSuccessFlow.xml</file>
    </artifact>
    <artifact name="ISSViettelUploadFile2OracleError" groupId="com.example.sequence" version="1.0.0" type="synapse/sequence" serverRole="EnterpriseServiceBus">
        <file>src/main/synapse-config/sequences/ISSViettelUploadFile2OracleError.xml</file>
    </artifact>
    <artifact name="ISSViettelUploadFile2OracleOutSequence" groupId="com.example.sequence" version="1.0.0" type="synapse/sequence" serverRole="EnterpriseServiceBus">
        <file>src/main/synapse-config/sequences/ISSViettelUploadFile2OracleOutSequence.xml</file>
    </artifact>
</artifacts>
