<?xml version="1.0" encoding="UTF-8"?><artifacts>
    <artifact name="ISSViettelUploadXls2CsvInbound" groupId="com.example.inbound-endpoint" version="1.0.0" type="synapse/inbound-endpoint" serverRole="EnterpriseServiceBus">
        <file>src/main/synapse-config/inbound-endpoints/ISSViettelUploadXls2CsvInbound.xml</file>
    </artifact>
    <artifact name="ISSViettelConvertOut2CsvOkSequence" groupId="com.example.sequence" version="1.0.0" type="synapse/sequence" serverRole="EnterpriseServiceBus">
        <file>src/main/synapse-config/sequences/ISSViettelConvertOut2CsvOkSequence.xml</file>
    </artifact>
    <artifact name="ISSViettelConvertOut2CsvErrorSequence" groupId="com.example.sequence" version="1.0.0" type="synapse/sequence" serverRole="EnterpriseServiceBus">
        <file>src/main/synapse-config/sequences/ISSViettelConvertOut2CsvErrorSequence.xml</file>
    </artifact>
    <artifact name="VIETTEL_FTP" groupId="com.example.local-entry" version="1.0.0" type="synapse/local-entry" serverRole="EnterpriseServiceBus">
        <file>\src\main\synapse-config\local-entries\VIETTEL_FTP.xml</file>
    </artifact>
</artifacts>
