<?xml version="1.0" encoding="UTF-8"?><artifacts>
    <artifact name="TfsvnAirpayUploadAPIInboundEndpoint" groupId="com.tfsvn.iss.inbound-endpoint" version="1.0.0" type="synapse/inbound-endpoint" serverRole="EnterpriseServiceBus">
        <file>src/main/synapse-config/inbound-endpoints/TfsvnAirpayUploadAPIInboundEndpoint.xml</file>
    </artifact>
    <artifact name="TfsvnAirpayUploadAPIError" groupId="com.tfsvn.iss.sequence" version="1.0.0" type="synapse/sequence" serverRole="EnterpriseServiceBus">
        <file>src/main/synapse-config/sequences/TfsvnAirpayUploadAPIError.xml</file>
    </artifact>
    <artifact name="TfsvnAirpayUploadAPISuccess" groupId="com.tfsvn.iss.sequence" version="1.0.0" type="synapse/sequence" serverRole="EnterpriseServiceBus">
        <file>src/main/synapse-config/sequences/TfsvnAirpayUploadAPISuccess.xml</file>
    </artifact>
    <artifact name="MailService" groupId="com.tfsvn.iss.proxy-service" version="1.0.0" type="synapse/proxy-service" serverRole="EnterpriseServiceBus">
        <file>src/main/synapse-config/proxy-services/MailService.xml</file>
    </artifact>
    <artifact name="MailService_proxy_metadata" groupId="com.tfsvn.iss.proxy-service.metadata" version="1.0.0" type="synapse/metadata" serverRole="EnterpriseServiceBus">
        <file>src/main/resources/metadata/MailService_proxy_metadata.yaml</file>
    </artifact>
    <artifact name="TFSVN_EMAIL_CONNECTION" groupId="com.tfsvn.iss.local-entry" version="1.0.0" type="synapse/local-entry" serverRole="EnterpriseServiceBus">
        <file>\src\main\synapse-config\local-entries\TFSVN_EMAIL_CONNECTION.xml</file>
    </artifact>
    <artifact name="TFSVN_CMC_EMAIL" groupId="com.tfsvn.iss.local-entry" version="1.0.0" type="synapse/local-entry" serverRole="EnterpriseServiceBus">
        <file>\src\main\synapse-config\local-entries\TFSVN_CMC_EMAIL.xml</file>
    </artifact>
    <artifact name="Sequence" groupId="com.tfsvn.iss.sequence" version="1.0.0" type="synapse/sequence" serverRole="EnterpriseServiceBus">
        <file>src/main/synapse-config/sequences/Sequence.xml</file>
    </artifact>
    <artifact name="TFSVN_IMAP_EMAIL" groupId="com.tfsvn.iss.local-entry" version="1.0.0" type="synapse/local-entry" serverRole="EnterpriseServiceBus">
        <file>\src\main\synapse-config\local-entries\TFSVN_IMAP_EMAIL.xml</file>
    </artifact>
</artifacts>
