<?xml version="1.0" encoding="UTF-8"?><artifacts>
    <artifact name="ISSCitiUploadConvert2CsvOracleInboundEndpoint" groupId="com.example.inbound-endpoint" version="1.0.0" type="synapse/inbound-endpoint" serverRole="EnterpriseServiceBus">
        <file>src/main/synapse-config/inbound-endpoints/ISSCitiUploadConvert2CsvOracleInboundEndpoint.xml</file>
    </artifact>
    <artifact name="ISSCitiUploadConvert2CsvOracleSuccessFlow" groupId="com.example.sequence" version="1.0.0" type="synapse/sequence" serverRole="EnterpriseServiceBus">
        <file>src/main/synapse-config/sequences/ISSCitiUploadConvert2CsvOracleSuccessFlow.xml</file>
    </artifact>
    <artifact name="ISSCitiUploadConvert2CsvOracleError" groupId="com.example.sequence" version="1.0.0" type="synapse/sequence" serverRole="EnterpriseServiceBus">
        <file>src/main/synapse-config/sequences/ISSCitiUploadConvert2CsvOracleError.xml</file>
    </artifact>
    <artifact name="CitiCreateNewOracleFile" groupId="com.example.sequence" version="1.0.0" type="synapse/sequence" serverRole="EnterpriseServiceBus">
        <file>src/main/synapse-config/sequences/CitiCreateNewOracleFile.xml</file>
    </artifact>
    <artifact name="ISSCitiUploadConvert2CsvOracleOutSequence" groupId="com.example.sequence" version="1.0.0" type="synapse/sequence" serverRole="EnterpriseServiceBus">
        <file>src/main/synapse-config/sequences/ISSCitiUploadConvert2CsvOracleOutSequence.xml</file>
    </artifact>
</artifacts>
