{
  "$schema" : "http://wso2.org/json-schema/wso2-data-mapper-v5.0.0/schema#",
  "inputType" : "CSV",
  "id" : "http://wso2jsonschema.org",
  "title" : "root",
  "type" : "array",
  "items" : [ {
    "properties" : {
      "chuoicantim" : {
        "id" : "http://wso2jsonschema.org/0/chuoicantim",
        "type" : "string"
      },
      "khongdung" : {
        "id" : "http://wso2jsonschema.org/0/khongdung",
        "type" : "string"
      }
    },
    "id" : "http://wso2jsonschema.org/0",
    "type" : "object"
  } ]
}