{
  "$schema" : "http://wso2.org/json-schema/wso2-data-mapper-v5.0.0/schema#",
  "inputType" : "CSV",
  "id" : "http://wso2jsonschema.org",
  "title" : "root",
  "type" : "array",
  "items" : [ {
    "properties" : {
      "Thoi diem" : {
        "id" : "http://wso2jsonschema.org/0/Thoi diem",
        "type" : "string"
      },
      "Ma don hang" : {
        "id" : "http://wso2jsonschema.org/0/Ma don hang",
        "type" : "string"
      },
      "Ma khach hang" : {
        "id" : "http://wso2jsonschema.org/0/Ma khach hang",
        "type" : "string"
      },
      "So tien" : {
        "id" : "http://wso2jsonschema.org/0/So tien",
        "type" : "string"
      },
      "Ky thanh toan" : {
        "id" : "http://wso2jsonschema.org/0/Ky thanh toan",
        "type" : "string"
      },
      "Ho ten" : {
        "id" : "http://wso2jsonschema.org/0/Ho ten",
        "type" : "string"
      },
      "???" : {
        "id" : "http://wso2jsonschema.org/0/???",
        "type" : "null"
      }
    },
    "id" : "http://wso2jsonschema.org/0",
    "type" : "object"
  } ]
}