{
  "$schema" : "http://wso2.org/json-schema/wso2-data-mapper-v5.0.0/schema#",
  "inputType" : "CSV",
  "id" : "http://wso2jsonschema.org",
  "title" : "root",
  "type" : "array",
  "items" : [ {
    "properties" : {
      "dung1" : {
        "id" : "http://wso2jsonschema.org/0/dung1",
        "type" : "string"
      },
      "khonddung" : {
        "id" : "http://wso2jsonschema.org/0/khonddung",
        "type" : "string"
      }
    },
    "id" : "http://wso2jsonschema.org/0",
    "type" : "object"
  } ]
}