{
  "$schema" : "http://wso2.org/json-schema/wso2-data-mapper-v5.0.0/schema#",
  "inputType" : "CSV",
  "id" : "http://wso2jsonschema.org",
  "title" : "root",
  "type" : "array",
  "items" : [ {
    "properties" : {
      "STT" : {
        "id" : "http://wso2jsonschema.org/0/STT",
        "type" : "string"
      },
      "Kenh" : {
        "id" : "http://wso2jsonschema.org/0/Kenh",
        "type" : "string"
      },
      "Ma NCCDV" : {
        "id" : "http://wso2jsonschema.org/0/Ma NCCDV",
        "type" : "string"
      },
      "Ten NCCDV" : {
        "id" : "http://wso2jsonschema.org/0/Ten NCCDV",
        "type" : "string"
      },
      "Ma giao dich" : {
        "id" : "http://wso2jsonschema.org/0/Ma giao dich",
        "type" : "string"
      },
      "Ma giao dich NCCDV" : {
        "id" : "http://wso2jsonschema.org/0/Ma giao dich NCCDV",
        "type" : "string"
      },
      "Ma thanh toan" : {
        "id" : "http://wso2jsonschema.org/0/Ma thanh toan",
        "type" : "string"
      },
      "So tien" : {
        "id" : "http://wso2jsonschema.org/0/So tien",
        "type" : "string"
      },
      "Ngay giao dich" : {
        "id" : "http://wso2jsonschema.org/0/Ngay giao dich",
        "type" : "string"
      },
      "Thong tin GD" : {
        "id" : "http://wso2jsonschema.org/0/Thong tin GD",
        "type" : "string"
      },
      "Trang thai" : {
        "id" : "http://wso2jsonschema.org/0/Trang thai",
        "type" : "string"
      },
      "Trang thai xac nhan" : {
        "id" : "http://wso2jsonschema.org/0/Trang thai xac nhan",
        "type" : "string"
      }
    },
    "id" : "http://wso2jsonschema.org/0",
    "type" : "object"
  } ]
}