<?xml version="1.0" encoding="UTF-8"?><artifacts>
    <artifact name="ISSPayooUploadConvertPyo2Csv" groupId="com.example.inbound-endpoint" version="1.0.0" type="synapse/inbound-endpoint" serverRole="EnterpriseServiceBus">
        <file>src/main/synapse-config/inbound-endpoints/ISSPayooUploadConvertPyo2Csv.xml</file>
    </artifact>
    <artifact name="ISSPayooConvertOut2CsvOkSequence" groupId="com.example.sequence" version="1.0.0" type="synapse/sequence" serverRole="EnterpriseServiceBus">
        <file>src/main/synapse-config/sequences/ISSPayooConvertOut2CsvOkSequence.xml</file>
    </artifact>
    <artifact name="ISSPayooConvertOut2CsvErrorSequence" groupId="com.example.sequence" version="1.0.0" type="synapse/sequence" serverRole="EnterpriseServiceBus">
        <file>src/main/synapse-config/sequences/ISSPayooConvertOut2CsvErrorSequence.xml</file>
    </artifact>
    <artifact name="PAYOO_FTP" groupId="com.example.local-entry" version="1.0.0" type="synapse/local-entry" serverRole="EnterpriseServiceBus">
        <file>\src\main\synapse-config\local-entries\PAYOO_FTP.xml</file>
    </artifact>
</artifacts>
