{
  "$schema" : "http://wso2.org/json-schema/wso2-data-mapper-v5.0.0/schema#",
  "outputType" : "JSON",
  "id" : "http://wso2jsonschema.org",
  "title" : "root",
  "type" : "array",
  "items" : [ {
    "properties" : {
      "UserCode" : {
        "id" : "http://wso2jsonschema.org/0/UserCode",
        "type" : "string"
      },
      "GroupSubTypeCode" : {
        "id" : "http://wso2jsonschema.org/0/GroupSubTypeCode",
        "type" : "string"
      },
      "AccountNumber" : {
        "id" : "http://wso2jsonschema.org/0/AccountNumber",
        "type" : "string"
      },
      "PaymentDate" : {
        "id" : "http://wso2jsonschema.org/0/PaymentDate",
        "type" : "string"
      },
      "PaymentAmount" : {
        "id" : "http://wso2jsonschema.org/0/PaymentAmount",
        "type" : "string"
      },
      "PaymentModeCode" : {
        "id" : "http://wso2jsonschema.org/0/PaymentModeCode",
        "type" : "string"
      },
      "ReasonCode" : {
        "id" : "http://wso2jsonschema.org/0/ReasonCode",
        "type" : "string"
      },
      "PaymentReference" : {
        "id" : "http://wso2jsonschema.org/0/PaymentReference",
        "type" : "string"
      },
      "PaymentComment" : {
        "id" : "http://wso2jsonschema.org/0/PaymentComment",
        "type" : "string"
      },
      "CurrencyCode" : {
        "id" : "http://wso2jsonschema.org/0/CurrencyCode",
        "type" : "string"
      },
      "Action" : {
        "id" : "http://wso2jsonschema.org/0/Action",
        "type" : "string"
      },
      "Spread" : {
        "id" : "http://wso2jsonschema.org/0/Spread",
        "type" : "string"
      }
    },
    "id" : "http://wso2jsonschema.org/0",
    "type" : "object"
  } ]
}