<?xml version="1.0" encoding="UTF-8"?><artifacts>
    <artifact name="CitiCSVFileScanner" groupId="com.example.resource" version="1.0.0" type="registry/resource" serverRole="EnterpriseServiceBus">
        <item>
            <file>CitiCSVFileScanner.dmc</file>
            <path>/_system/governance/datamapper</path>
            <mediaType>text/plain</mediaType>
            <properties/>
        </item>
    </artifact>
    <artifact name="CitiCSVFileScanner_inputSchema" groupId="com.example.resource" version="1.0.0" type="registry/resource" serverRole="EnterpriseServiceBus">
        <item>
            <file>CitiCSVFileScanner_inputSchema.json</file>
            <path>/_system/governance/datamapper</path>
            <mediaType>text/plain</mediaType>
            <properties/>
        </item>
    </artifact>
    <artifact name="CitiCSVFileScanner_outputSchema" groupId="com.example.resource" version="1.0.0" type="registry/resource" serverRole="EnterpriseServiceBus">
        <item>
            <file>CitiCSVFileScanner_outputSchema.json</file>
            <path>/_system/governance/datamapper</path>
            <mediaType>text/plain</mediaType>
            <properties/>
        </item>
    </artifact>
    <artifact name="CitiCSVFileScanner_xsltStyleSheet" groupId="com.example.resource" version="1.0.0" type="registry/resource" serverRole="EnterpriseServiceBus">
        <item>
            <file>CitiCSVFileScanner_xsltStyleSheet.xml</file>
            <path>/_system/governance/datamapper</path>
            <mediaType>text/plain</mediaType>
            <properties/>
        </item>
    </artifact>
    <artifact name="PayooCSVFileScanner" groupId="com.example.resource" version="1.0.0" type="registry/resource" serverRole="EnterpriseServiceBus">
        <item>
            <file>PayooCSVFileScanner.dmc</file>
            <path>/_system/governance/datamapper</path>
            <mediaType>text/plain</mediaType>
            <properties/>
        </item>
    </artifact>
    <artifact name="PayooCSVFileScanner_inputSchema" groupId="com.example.resource" version="1.0.0" type="registry/resource" serverRole="EnterpriseServiceBus">
        <item>
            <file>PayooCSVFileScanner_inputSchema.json</file>
            <path>/_system/governance/datamapper</path>
            <mediaType>text/plain</mediaType>
            <properties/>
        </item>
    </artifact>
    <artifact name="PayooCSVFileScanner_outputSchema" groupId="com.example.resource" version="1.0.0" type="registry/resource" serverRole="EnterpriseServiceBus">
        <item>
            <file>PayooCSVFileScanner_outputSchema.json</file>
            <path>/_system/governance/datamapper</path>
            <mediaType>text/plain</mediaType>
            <properties/>
        </item>
    </artifact>
    <artifact name="PayooCSVFileScanner_xsltStyleSheet" groupId="com.example.resource" version="1.0.0" type="registry/resource" serverRole="EnterpriseServiceBus">
        <item>
            <file>PayooCSVFileScanner_xsltStyleSheet.xml</file>
            <path>/_system/governance/datamapper</path>
            <mediaType>text/plain</mediaType>
            <properties/>
        </item>
    </artifact>
    <artifact name="ViettelCSVFileScanner" groupId="com.example.resource" version="1.0.0" type="registry/resource" serverRole="EnterpriseServiceBus">
        <item>
            <file>ViettelCSVFileScanner.dmc</file>
            <path>/_system/governance/datamapper</path>
            <mediaType>text/plain</mediaType>
            <properties/>
        </item>
    </artifact>
    <artifact name="ViettelCSVFileScanner_inputSchema" groupId="com.example.resource" version="1.0.0" type="registry/resource" serverRole="EnterpriseServiceBus">
        <item>
            <file>ViettelCSVFileScanner_inputSchema.json</file>
            <path>/_system/governance/datamapper</path>
            <mediaType>text/plain</mediaType>
            <properties/>
        </item>
    </artifact>
    <artifact name="ViettelCSVFileScanner_outputSchema" groupId="com.example.resource" version="1.0.0" type="registry/resource" serverRole="EnterpriseServiceBus">
        <item>
            <file>ViettelCSVFileScanner_outputSchema.json</file>
            <path>/_system/governance/datamapper</path>
            <mediaType>text/plain</mediaType>
            <properties/>
        </item>
    </artifact>
    <artifact name="ViettelCSVFileScanner_xsltStyleSheet" groupId="com.example.resource" version="1.0.0" type="registry/resource" serverRole="EnterpriseServiceBus">
        <item>
            <file>ViettelCSVFileScanner_xsltStyleSheet.xml</file>
            <path>/_system/governance/datamapper</path>
            <mediaType>text/plain</mediaType>
            <properties/>
        </item>
    </artifact>
    <artifact name="AirpayOracleCSVFileScanner" groupId="com.example.resource" version="1.0.0" type="registry/resource" serverRole="EnterpriseServiceBus">
        <item>
            <file>AirpayOracleCSVFileScanner.dmc</file>
            <path>/_system/governance/datamapper</path>
            <mediaType>text/plain</mediaType>
            <properties/>
        </item>
    </artifact>
    <artifact name="AirpayOracleCSVFileScanner_inputSchema" groupId="com.example.resource" version="1.0.0" type="registry/resource" serverRole="EnterpriseServiceBus">
        <item>
            <file>AirpayOracleCSVFileScanner_inputSchema.json</file>
            <path>/_system/governance/datamapper</path>
            <mediaType>text/plain</mediaType>
            <properties/>
        </item>
    </artifact>
    <artifact name="AirpayOracleCSVFileScanner_outputSchema" groupId="com.example.resource" version="1.0.0" type="registry/resource" serverRole="EnterpriseServiceBus">
        <item>
            <file>AirpayOracleCSVFileScanner_outputSchema.json</file>
            <path>/_system/governance/datamapper</path>
            <mediaType>text/plain</mediaType>
            <properties/>
        </item>
    </artifact>
    <artifact name="AirpayOracleCSVFileScanner_xsltStyleSheet" groupId="com.example.resource" version="1.0.0" type="registry/resource" serverRole="EnterpriseServiceBus">
        <item>
            <file>AirpayOracleCSVFileScanner_xsltStyleSheet.xml</file>
            <path>/_system/governance/datamapper</path>
            <mediaType>text/plain</mediaType>
            <properties/>
        </item>
    </artifact>
    <artifact name="TCBOracleCSVFileScanner" groupId="com.example.resource" version="1.0.0" type="registry/resource" serverRole="EnterpriseServiceBus">
        <item>
            <file>TCBOracleCSVFileScanner.dmc</file>
            <path>/_system/governance/datamapper</path>
            <mediaType>text/plain</mediaType>
            <properties/>
        </item>
    </artifact>
    <artifact name="TCBOracleCSVFileScanner_inputSchema" groupId="com.example.resource" version="1.0.0" type="registry/resource" serverRole="EnterpriseServiceBus">
        <item>
            <file>TCBOracleCSVFileScanner_inputSchema.json</file>
            <path>/_system/governance/datamapper</path>
            <mediaType>text/plain</mediaType>
            <properties/>
        </item>
    </artifact>
    <artifact name="TCBOracleCSVFileScanner_outputSchema" groupId="com.example.resource" version="1.0.0" type="registry/resource" serverRole="EnterpriseServiceBus">
        <item>
            <file>TCBOracleCSVFileScanner_outputSchema.json</file>
            <path>/_system/governance/datamapper</path>
            <mediaType>text/plain</mediaType>
            <properties/>
        </item>
    </artifact>
    <artifact name="TCBOracleCSVFileScanner_xsltStyleSheet" groupId="com.example.resource" version="1.0.0" type="registry/resource" serverRole="EnterpriseServiceBus">
        <item>
            <file>TCBOracleCSVFileScanner_xsltStyleSheet.xml</file>
            <path>/_system/governance/datamapper</path>
            <mediaType>text/plain</mediaType>
            <properties/>
        </item>
    </artifact>
    <artifact name="VietinOracleCSVFileScanner" groupId="com.example.resource" version="1.0.0" type="registry/resource" serverRole="EnterpriseServiceBus">
        <item>
            <file>VietinOracleCSVFileScanner.dmc</file>
            <path>/_system/governance/datamapper</path>
            <mediaType>text/plain</mediaType>
            <properties/>
        </item>
    </artifact>
    <artifact name="VietinOracleCSVFileScanner_inputSchema" groupId="com.example.resource" version="1.0.0" type="registry/resource" serverRole="EnterpriseServiceBus">
        <item>
            <file>VietinOracleCSVFileScanner_inputSchema.json</file>
            <path>/_system/governance/datamapper</path>
            <mediaType>text/plain</mediaType>
            <properties/>
        </item>
    </artifact>
    <artifact name="VietinOracleCSVFileScanner_outputSchema" groupId="com.example.resource" version="1.0.0" type="registry/resource" serverRole="EnterpriseServiceBus">
        <item>
            <file>VietinOracleCSVFileScanner_outputSchema.json</file>
            <path>/_system/governance/datamapper</path>
            <mediaType>text/plain</mediaType>
            <properties/>
        </item>
    </artifact>
    <artifact name="VietinOracleCSVFileScanner_xsltStyleSheet" groupId="com.example.resource" version="1.0.0" type="registry/resource" serverRole="EnterpriseServiceBus">
        <item>
            <file>VietinOracleCSVFileScanner_xsltStyleSheet.xml</file>
            <path>/_system/governance/datamapper</path>
            <mediaType>text/plain</mediaType>
            <properties/>
        </item>
    </artifact>
    <artifact name="CitiOracleCSVFileScanner" groupId="com.example.resource" version="1.0.0" type="registry/resource" serverRole="EnterpriseServiceBus">
        <item>
            <file>CitiOracleCSVFileScanner.dmc</file>
            <path>/_system/governance/datamapper</path>
            <mediaType>text/plain</mediaType>
            <properties/>
        </item>
    </artifact>
    <artifact name="CitiOracleCSVFileScanner_inputSchema" groupId="com.example.resource" version="1.0.0" type="registry/resource" serverRole="EnterpriseServiceBus">
        <item>
            <file>CitiOracleCSVFileScanner_inputSchema.json</file>
            <path>/_system/governance/datamapper</path>
            <mediaType>text/plain</mediaType>
            <properties/>
        </item>
    </artifact>
    <artifact name="CitiOracleCSVFileScanner_outputSchema" groupId="com.example.resource" version="1.0.0" type="registry/resource" serverRole="EnterpriseServiceBus">
        <item>
            <file>CitiOracleCSVFileScanner_outputSchema.json</file>
            <path>/_system/governance/datamapper</path>
            <mediaType>text/plain</mediaType>
            <properties/>
        </item>
    </artifact>
    <artifact name="CitiOracleCSVFileScanner_xsltStyleSheet" groupId="com.example.resource" version="1.0.0" type="registry/resource" serverRole="EnterpriseServiceBus">
        <item>
            <file>CitiOracleCSVFileScanner_xsltStyleSheet.xml</file>
            <path>/_system/governance/datamapper</path>
            <mediaType>text/plain</mediaType>
            <properties/>
        </item>
    </artifact>
</artifacts>
