{
  "$schema" : "http://wso2.org/json-schema/wso2-data-mapper-v5.0.0/schema#",
  "inputType" : "CSV",
  "id" : "http://wso2jsonschema.org",
  "title" : "root",
  "type" : "array",
  "items" : [ {
    "properties" : {
      "id" : {
        "id" : "http://wso2jsonschema.org/0/id",
        "type" : "string"
      },
      "cloud_name" : {
        "id" : "http://wso2jsonschema.org/0/cloud_name",
        "type" : "string"
      },
      "Number" : {
        "id" : "http://wso2jsonschema.org/0/Number",
        "type" : "string"
      },
      "Type" : {
        "id" : "http://wso2jsonschema.org/0/Type",
        "type" : "string"
      }
    },
    "id" : "http://wso2jsonschema.org/0",
    "type" : "object"
  } ]
}