{
  "$schema" : "http://wso2.org/json-schema/wso2-data-mapper-v5.0.0/schema#",
  "inputType" : "CSV",
  "id" : "http://wso2jsonschema.org",
  "title" : "root",
  "type" : "array",
  "items" : [ {
    "properties" : {
      "Date" : {
        "id" : "http://wso2jsonschema.org/0/Date",
        "type" : "string"
      },
      "Detail" : {
        "id" : "http://wso2jsonschema.org/0/Detail",
        "type" : "string"
      },
      "TxnNo" : {
        "id" : "http://wso2jsonschema.org/0/TxnNo",
        "type" : "string"
      },
      "Desc Acc" : {
        "id" : "http://wso2jsonschema.org/0/Desc Acc",
        "type" : "string"
      },
      "Debit" : {
        "id" : "http://wso2jsonschema.org/0/Debit",
        "type" : "string"
      },
      "Credit" : {
        "id" : "http://wso2jsonschema.org/0/Credit",
        "type" : "string"
      },
      "Bal" : {
        "id" : "http://wso2jsonschema.org/0/Bal",
        "type" : "string"
      }
    },
    "id" : "http://wso2jsonschema.org/0",
    "type" : "object"
  } ]
}