<?xml version="1.0" encoding="UTF-8"?>
<inboundEndpoint name="ISSPayooUploadConvertPyo2Csv" onError="ISSPayooConvertOut2CsvErrorSequence" protocol="file" sequence="ISSPayooConvertOut2CsvOkSequence" suspend="false" xmlns="http://ws.apache.org/ns/synapse">
    <parameters>
        <parameter name="interval">9900</parameter>
        <parameter name="sequential">true</parameter>
        <parameter name="coordination">true</parameter>
        <parameter name="transport.vfs.ContentType">text/plain</parameter>
        <parameter name="transport.vfs.LockReleaseSameNode">false</parameter>
        <parameter name="transport.vfs.AutoLockRelease">false</parameter>
        <parameter name="transport.vfs.ActionAfterFailure">MOVE</parameter>
        <parameter name="transport.vfs.FailedRecordsFileName">vfs-move-failed-records.properties</parameter>
        <parameter name="transport.vfs.FailedRecordsFileDestination">repository/conf/</parameter>
        <parameter name="transport.vfs.MoveFailedRecordTimestampFormat">dd-MM-yyyy HH:mm:ss</parameter>
        <parameter name="transport.vfs.FailedRecordNextRetryDuration">4500</parameter>
        <parameter name="transport.vfs.ActionAfterProcess">MOVE</parameter>
        <parameter name="transport.vfs.FileURI">ftp://admin:admin@localhost/home/Oracle/Payoo/input/</parameter>
        <parameter name="transport.vfs.MoveAfterFailure">ftp://admin:admin@localhost/home/Oracle/Payoo/result/</parameter>
        <parameter name="transport.vfs.ReplyFileName">response.xml</parameter>
        <parameter name="transport.vfs.MoveTimestampFormat">yyyyMMdd hhmmss aaa </parameter>
        <parameter name="transport.vfs.DistributedLock">false</parameter>
        <parameter name="transport.vfs.FileNamePattern">.*\.pyo</parameter>
        <parameter name="transport.vfs.MoveAfterProcess">ftp://admin:admin@localhost/home/Oracle/Payoo/result/</parameter>
        <parameter name="transport.vfs.Locking">disable</parameter>
        <parameter name="transport.vfs.SFTPUserDirIsRoot">false</parameter>
        <parameter name="transport.vfs.FileSortAttribute">none</parameter>
        <parameter name="transport.vfs.FileSortAscending">true</parameter>
        <parameter name="transport.vfs.CreateFolder">false</parameter>
        <parameter name="transport.vfs.Streaming">false</parameter>
        <parameter name="transport.vfs.Build">false</parameter>
        <parameter name="transport.vfs.UpdateLastModified">true</parameter>
    </parameters>
</inboundEndpoint>
