<?xml version="1.0" encoding="UTF-8"?>
<sequence name="ISSTCBUploadConvert2CsvOracleSuccessFlow" trace="disable" xmlns="http://ws.apache.org/ns/synapse">
    <datamapper config="gov:datamapper/TCBOracleCSVFileScanner.dmc" description="Bank2Csv" inputSchema="gov:datamapper/TCBOracleCSVFileScanner_inputSchema.json" inputType="CSV" outputSchema="gov:datamapper/TCBOracleCSVFileScanner_outputSchema.json" outputType="JSON" xsltStyleSheet="gov:datamapper/TCBOracleCSVFileScanner_xsltStyleSheet.xml"/>
    <property expression="get-property(&quot;SYSTEM_DATE&quot;, &quot;yyyy-MM-dd'T'HH:mm:ss.SSSXXX&quot;)" name="getSysDate" scope="default" type="STRING"/>
    <property expression="get-property('transport','FILE_NAME')" name="filename" scope="default" type="STRING"/>
    <property expression="fn:concat(get-property(&quot;filename&quot;),&quot;-OracleOutput&quot;, &quot;.csv&quot;)" name="outname" scope="default" type="STRING"/>
    <enrich description="save payload">
        <source clone="true" type="body"/>
        <target property="enrichPayload" type="property"/>
    </enrich>
    <log level="custom">
        <property expression="json-eval($.*)" name="body"/>
    </log>
    <iterate continueParent="true" expression="json-eval($.*)" sequential="true">
        <target>
            <sequence>
                <property expression="json-eval($.PaymentDate)" name="getPaymentDate" scope="default" type="STRING"/>
                <property expression="json-eval($.PaymentReference)" name="getPaymentReference" scope="default" type="STRING"/>
                <property expression="json-eval($.AccountNumber)" name="getAccountNumber" scope="default" type="STRING"/>
                <property expression="json-eval($.PaymentAmount)" name="getPaymentAmount" scope="default" type="STRING"/>
                <property expression="json-eval($.PaymentComment)" name="getPaymentComment" scope="default" type="STRING"/>
                <log level="custom">
                    <property expression="fn:substring($ctx:getPaymentDate, 1,2)" name="notext"/>
                    <property expression="fn:substring($ctx:getPaymentDate, 1,3)" name="notext"/>
                </log>
                <filter xpath="boolean(fn:substring($ctx:getPaymentDate, 1,2) = 'Ng')">
                    <then>
                        <payloadFactory media-type="json">
                            <format>{&#xd;
                            "PaymentDate": "$1",&#xd;
					        "PaymentReference": "$2",&#xd;
					        "AccountNumber": "$3"&#xd;
					        "PaymentAmount": "$4"&#xd;
					        "PaymentComment": "$5"&#xd;
					    }</format>
                            <args>
                                <arg evaluator="json" expression="$.PaymentDate"/>
                                <arg evaluator="json" expression="$.PaymentReference"/>
                                <arg evaluator="json" expression="$.AccountNumber"/>
                                <arg evaluator="json" expression="$.PaymentAmount"/>
                                <arg evaluator="json" expression="$.PaymentComment"/>
                            </args>
                        </payloadFactory>
                        <log level="custom">
                            <property expression="get-property('getPaymentDate')" name="notext"/>
                            <property expression="get-property('getPaymentReference')" name="notext"/>
                            <property expression="get-property('getAccountNumber')" name="notext"/>
                            <property expression="get-property('getPaymentAmount')" name="notext"/>
                            <property expression="get-property('getPaymentComment')" name="notext"/>
                        </log>
                        <sequence key="TCBCreateNewOracleFile"/>
                    </then>
                    <else>
                        <payloadFactory media-type="json">
                            <format>{&#xd;
                            "PaymentDate": "$1",&#xd;
					        "PaymentReference": "$2",&#xd;
					        "AccountNumber": "$3"&#xd;
					        "PaymentAmount": "$4"&#xd;
					        "PaymentComment": "$5"&#xd;
					    }</format>
                            <args>
                                <arg evaluator="json" expression="$.PaymentDate"/>
                                <arg evaluator="json" expression="$.PaymentReference"/>
                                <arg evaluator="json" expression="$.AccountNumber"/>
                                <arg evaluator="json" expression="$.PaymentAmount"/>
                                <arg evaluator="json" expression="$.PaymentComment"/>
                            </args>
                        </payloadFactory>
                        <log level="custom">
                            <property expression="get-property('getPaymentDate')" name="notext"/>
                            <property expression="get-property('getPaymentReference')" name="notext"/>
                            <property expression="get-property('getAccountNumber')" name="notext"/>
                            <property expression="get-property('getPaymentAmount')" name="notext"/>
                            <property expression="get-property('getPaymentComment')" name="notext"/>
                        </log>
                        <sequence key="ISSTCBUploadConvert2CsvOracleOutSequence"/>
                    </else>
                </filter>
            </sequence>
        </target>
    </iterate>
</sequence>
