<?xml version="1.0" encoding="UTF-8"?><artifacts>
    <artifact name="ISSPayooUploadConvert2CsvOracleInboundEndpoint" groupId="com.example.inbound-endpoint" version="1.0.0" type="synapse/inbound-endpoint" serverRole="EnterpriseServiceBus">
        <file>src/main/synapse-config/inbound-endpoints/ISSPayooUploadConvert2CsvOracleInboundEndpoint.xml</file>
    </artifact>
    <artifact name="ISSPayooUploadConvert2CsvOracleSuccessFlow" groupId="com.example.sequence" version="1.0.0" type="synapse/sequence" serverRole="EnterpriseServiceBus">
        <file>src/main/synapse-config/sequences/ISSPayooUploadConvert2CsvOracleSuccessFlow.xml</file>
    </artifact>
    <artifact name="ISSPayooUploadConvert2CsvOracleError" groupId="com.example.sequence" version="1.0.0" type="synapse/sequence" serverRole="EnterpriseServiceBus">
        <file>src/main/synapse-config/sequences/ISSPayooUploadConvert2CsvOracleError.xml</file>
    </artifact>
    <artifact name="ISSPayooUploadConvert2CsvOracleOutSequence" groupId="com.example.sequence" version="1.0.0" type="synapse/sequence" serverRole="EnterpriseServiceBus">
        <file>src/main/synapse-config/sequences/ISSPayooUploadConvert2CsvOracleOutSequence.xml</file>
    </artifact>
    <artifact name="FILE_ORA_PAYOO" groupId="com.example.local-entry" version="1.0.0" type="synapse/local-entry" serverRole="EnterpriseServiceBus">
        <file>\src\main\synapse-config\local-entries\FILE_ORA_PAYOO.xml</file>
    </artifact>
    <artifact name="CreateNewOracleFile" groupId="com.example.sequence" version="1.0.0" type="synapse/sequence" serverRole="EnterpriseServiceBus">
        <file>src/main/synapse-config/sequences/CreateNewOracleFile.xml</file>
    </artifact>
</artifacts>
