<?xml version="1.0" encoding="UTF-8"?>
<sequence name="ISSAirpayUploadFile2OracleSuccessFlow" trace="disable" xmlns="http://ws.apache.org/ns/synapse">
    <datamapper config="gov:datamapper/AirpayOracleCSVFileScanner.dmc" description="Bank2Csv" inputSchema="gov:datamapper/AirpayOracleCSVFileScanner_inputSchema.json" inputType="CSV" outputSchema="gov:datamapper/AirpayOracleCSVFileScanner_outputSchema.json" outputType="JSON" xsltStyleSheet="gov:datamapper/AirpayOracleCSVFileScanner_xsltStyleSheet.xml"/>
    <enrich description="save payload">
        <source clone="true" type="body"/>
        <target property="enrichPayload" type="property"/>
    </enrich>
    <log level="full">
        <property expression="json-eval($.*)" name="body"/>
        <property expression="get-property('enrichPayload')" name="body"/>
    </log>
    <iterate continueParent="true" expression="json-eval($.*)" sequential="true">
        <target>
            <sequence>
                <property expression="json-eval($.PaymentDate)" name="getPaymentDate" scope="default" type="STRING"/>
                <property expression="json-eval($.PaymentReference)" name="getPaymentReference" scope="default" type="STRING"/>
                <property expression="json-eval($.AccountNumber)" name="getAccountNumber" scope="default" type="STRING"/>
                <property expression="json-eval($.PaymentAmount)" name="getPaymentAmount" scope="default" type="STRING"/>
                <log level="full">
                    <property expression="get-property('uri.var.url')" name="url"/>
                    <property expression="boolean(fn:substring($ctx:getPaymentDate, 1,2) = 'dd')" name="checkboolean"/>
                </log>
                <filter xpath="boolean(fn:substring($ctx:getPaymentDate, 1,2) = 'dd')">
                    <then>
                        <payloadFactory media-type="json">
                            <format>{&#xd;
                            "PaymentDate": "$1",&#xd;
					        "PaymentReference": "$2",&#xd;
					        "AccountNumber": "$3"&#xd;
					        "PaymentAmount": "$4"&#xd;
					    }</format>
                            <args>
                                <arg evaluator="json" expression="$.PaymentDate"/>
                                <arg evaluator="json" expression="$.PaymentReference"/>
                                <arg evaluator="json" expression="$.AccountNumber"/>
                                <arg evaluator="json" expression="$.PaymentAmount"/>
                            </args>
                        </payloadFactory>
                        <!--
                        <property expression="fn:concat('http://fullcircleapi.sg-s1.cloudhub.io/getCustomerByID1/', '0')" name="uri.var.url" scope="default" type="STRING"/>
                        -->
                        <property expression="fn:concat('http://fullcircleapi.sg-s1.cloudhub.io/addCustomer', '')" name="uri.var.url" scope="default" type="STRING"/>
                        <property expression="json-eval($.PaymentAmount)" name="PaymentAmount" scope="default" type="STRING"/>
                        <property expression="fn:concat(get-property('getPaymentDate'),',',get-property('getPaymentReference'),',',get-property('getAccountNumber'))" name="eachrow" scope="default" type="STRING"/>
                        <log level="custom">
                            <property name="notext" value="*************THEN************"/>
                            <property expression="get-property('eachrow')" name="url4"/>
                            <property expression="get-property('getPaymentDate')" name="url10"/>
                            <property expression="get-property('getPaymentReference')" name="url11"/>
                            <property expression="get-property('getAccountNumber')" name="url12"/>
                            <property expression="get-property('getPaymentAmount')" name="url13"/>
                        </log>
                        <sequence key="ISSAirpayUploadFile2OracleOutSequence"/>
                    </then>
                    <else>
                        <payloadFactory media-type="json">
                            <format>{&#xd;
                            "PaymentDate": "$1",&#xd;
					        "PaymentReference": "$2",&#xd;
					        "AccountNumber": "$3"&#xd;
					        "PaymentAmount": "$4"&#xd;
					    }</format>
                            <args>
                                <arg evaluator="json" expression="$.PaymentDate"/>
                                <arg evaluator="json" expression="$.PaymentReference"/>
                                <arg evaluator="json" expression="$.AccountNumber"/>
                                <arg evaluator="json" expression="$.PaymentAmount"/>
                            </args>
                        </payloadFactory>
                        <!--
                        <property expression="fn:concat('http://fullcircleapi.sg-s1.cloudhub.io/getCustomerByID/', '1')" name="uri.var.url" scope="default" type="STRING"/>
                        -->
                        <property expression="fn:concat('http://fullcircleapi.sg-s1.cloudhub.io/addCustomer', '')" name="uri.var.url" scope="default" type="STRING"/>
                        <property expression="json-eval($.PaymentAmount)" name="PaymentAmount" scope="default" type="STRING"/>
                        <property expression="fn:concat(get-property('getPaymentDate'),',',get-property('getPaymentReference'),',',get-property('getAccountNumber'))" name="eachrow" scope="default" type="STRING"/>
                        <log level="custom">
                            <property name="notext" value="*************ELSE************"/>
                            <property expression="get-property('eachrow')" name="url4"/>
                            <property expression="get-property('getPaymentDate')" name="url10"/>
                            <property expression="get-property('getPaymentReference')" name="url11"/>
                            <property expression="get-property('getAccountNumber')" name="url12"/>
                            <property expression="get-property('getPaymentAmount')" name="url13"/>
                        </log>
                        <sequence key="ISSAirpayUploadFile2OracleOutSequence"/>
                    </else>
                </filter>
            </sequence>
        </target>
    </iterate>
</sequence>
