<?xml version="1.0" encoding="UTF-8"?><artifacts>
    <artifact name="ISSTCBPostPayment" groupId="com.example.api" version="1.0.0" type="synapse/api" serverRole="EnterpriseServiceBus">
        <file>src/main/synapse-config/api/ISSTCBPostPayment.xml</file>
    </artifact>
    <artifact name="ISSTCBPostPayment_swagger" groupId="com.example.metadata" version="1.0.0" type="synapse/metadata" serverRole="EnterpriseServiceBus">
        <file>src/main/resources/metadata/ISSTCBPostPayment_swagger.yaml</file>
    </artifact>
    <artifact name="ISSTCBPostPayment_metadata" groupId="com.example.metadata" version="1.0.0" type="synapse/metadata" serverRole="EnterpriseServiceBus">
        <file>src/main/resources/metadata/ISSTCBPostPayment_metadata.yaml</file>
    </artifact>
    <artifact name="TCBPaymentSequence" groupId="com.example.sequence" version="1.0.0" type="synapse/sequence" serverRole="EnterpriseServiceBus">
        <file>src/main/synapse-config/sequences/TCBPaymentSequence.xml</file>
    </artifact>
    <artifact name="ISSTCBPostOraclePayment" groupId="com.example.api" version="1.0.0" type="synapse/api" serverRole="EnterpriseServiceBus">
        <file>src/main/synapse-config/api/ISSTCBPostOraclePayment.xml</file>
    </artifact>
    <artifact name="ISSTCBPostOraclePayment_swagger" groupId="com.example.metadata" version="1.0.0" type="synapse/metadata" serverRole="EnterpriseServiceBus">
        <file>src/main/resources/metadata/ISSTCBPostOraclePayment_swagger.yaml</file>
    </artifact>
    <artifact name="ISSTCBPostOraclePayment_metadata" groupId="com.example.metadata" version="1.0.0" type="synapse/metadata" serverRole="EnterpriseServiceBus">
        <file>src/main/resources/metadata/ISSTCBPostOraclePayment_metadata.yaml</file>
    </artifact>
    <artifact name="payment" groupId="com.example.endpoint" version="1.0.0" type="synapse/endpoint" serverRole="EnterpriseServiceBus">
        <file>src/main/synapse-config/endpoints/payment.xml</file>
    </artifact>
    <artifact name="TFSVNPostSequence" groupId="com.example.sequence" version="1.0.0" type="synapse/sequence" serverRole="EnterpriseServiceBus">
        <file>src/main/synapse-config/sequences/TFSVNPostSequence.xml</file>
    </artifact>
</artifacts>
