<?xml version="1.0" encoding="UTF-8" standalone="no"?>
<localEntry xmlns="http://ws.apache.org/ns/synapse" key="SMTP_TLS_CMC">
    <email.init>
        <connectionType>SMTPS</connectionType>
        <password>eknxguxgtiawqnuy</password>
        <host>smtp.gmail.com</host>
        <connectionTimeout>120000</connectionTimeout>
        <requireTLS>true</requireTLS>
        <port>587</port>
        <readTimeout>120000</readTimeout>
        <name>SMTP_TLS_CMC</name>
        <username>ltran43coder</username>
    </email.init>
</localEntry>
