<?xml version="1.0" encoding="UTF-8"?>
<sequence name="ISSVietinUploadConvert2CsvOracleSuccessFlow" trace="disable" xmlns="http://ws.apache.org/ns/synapse">
    <datamapper config="gov:datamapper/VietinOracleCSVFileScanner.dmc" description="Bank2Csv" inputSchema="gov:datamapper/VietinOracleCSVFileScanner_inputSchema.json" inputType="CSV" outputSchema="gov:datamapper/VietinOracleCSVFileScanner_outputSchema.json" outputType="JSON" xsltStyleSheet="gov:datamapper/VietinOracleCSVFileScanner_xsltStyleSheet.xml"/>
    <property expression="get-property(&quot;SYSTEM_DATE&quot;, &quot;yyyy-MM-dd'T'HH:mm:ss.SSSXXX&quot;)" name="getSysDate" scope="default" type="STRING"/>
    <property expression="get-property('transport','FILE_NAME')" name="filename" scope="default" type="STRING"/>
    <property expression="fn:concat(get-property(&quot;filename&quot;),&quot;-OracleOutput&quot;, &quot;.csv&quot;)" name="outname" scope="default" type="STRING"/>
    <enrich description="save payload">
        <source clone="true" type="body"/>
        <target property="enrichPayload" type="property"/>
    </enrich>
    <log level="custom">
        <property expression="json-eval($.*)" name="body"/>
    </log>
    <iterate continueParent="true" expression="json-eval($.*)" sequential="true">
        <target>
            <sequence>
                <property expression="json-eval($.UserCode)" name="UserCode" scope="default" type="STRING"/>
                <log level="custom">
                    <property expression="fn:substring($ctx:UserCode, 1,2)" name="notext"/>
                </log>
                <filter xpath="boolean(fn:substring($ctx:UserCode, 1,2) = 're')">
                    <then>
                        <sequence key="VietinCreateNewOracleFile"/>
                    </then>
                    <else>
                        <property expression="json-eval($.UserCode)" name="row2" scope="default" type="STRING"/>
                        <property expression="fn:tokenize($ctx:row2,'\|')[11]" name="getPaymentDate" scope="default" type="STRING" xmlns:fn="http://www.w3.org/2005/xpath-functions"/>
                        <property expression="fn:tokenize($ctx:row2,'\|')[9]" name="getPaymentReference" scope="default" type="STRING" xmlns:fn="http://www.w3.org/2005/xpath-functions"/>
                        <property expression="fn:tokenize($ctx:row2,'\|')[9]" name="getAccountNumber" scope="default" type="STRING" xmlns:fn="http://www.w3.org/2005/xpath-functions"/>
                        <property expression="fn:tokenize($ctx:row2,'\|')[7]" name="getPaymentAmount" scope="default" type="STRING" xmlns:fn="http://www.w3.org/2005/xpath-functions"/>
                        <property expression="fn:tokenize($ctx:row2,'\|')[6]" name="getPaymentComment" scope="default" type="STRING" xmlns:fn="http://www.w3.org/2005/xpath-functions"/>
                        <log level="custom">
                            <property expression="get-property('row2')" name="notext"/>
                            <property expression="get-property('getPaymentDate')" name="notext"/>
                            <property expression="get-property('getPaymentReference')" name="notext"/>
                            <property expression="get-property('getAccountNumber')" name="notext"/>
                            <property expression="get-property('getPaymentAmount')" name="notext"/>
                            <property expression="get-property('getPaymentComment')" name="notext"/>
                        </log>
                        <payloadFactory media-type="json">
                            <format>{&#xd;
                            "PaymentDate": "$1",&#xd;
					        "PaymentReference": "$2",&#xd;
					        "AccountNumber": "$3"&#xd;
					        "PaymentAmount": "$4"&#xd;
					        "PaymentComment": "$5"&#xd;
					    }</format>
                            <args>
                                <arg evaluator="json" expression="$.PaymentDate"/>
                                <arg evaluator="json" expression="$.PaymentReference"/>
                                <arg evaluator="json" expression="$.AccountNumber"/>
                                <arg evaluator="json" expression="$.PaymentAmount"/>
                                <arg evaluator="json" expression="$.PaymentComment"/>
                            </args>
                        </payloadFactory>
                        <sequence key="ISSVietinUploadConvert2CsvOracleOutSequence"/>
                    </else>
                </filter>
            </sequence>
        </target>
    </iterate>
</sequence>
