<?xml version="1.0" encoding="UTF-8"?>
<sequence name="ISSVietinUploadConvert2CsvOracleOutSequence" trace="disable" xmlns="http://ws.apache.org/ns/synapse">
    <log level="custom">
        <property name="sequence" value="VietinfileWriteSequence"/>
        <property expression="get-property(&quot;getSysDate&quot;)" name="date2"/>
    </log>
    <property expression="get-property(&quot;outname&quot;)" name="transport.vfs.ReplyFileName" scope="transport" type="STRING"/>
    <payloadFactory media-type="text">
        <format>,
$1,$2,"$3",$4,$5</format>
        <args>
            <arg evaluator="xml" expression="get-property('getAccountNumber')"/>
            <arg evaluator="xml" expression="get-property('getPaymentDate')"/>
            <arg evaluator="xml" expression="get-property('getPaymentAmount')"/>
            <arg value="AC"/>
            <arg evaluator="xml" expression="get-property('getPaymentReference')"/>
        </args>
    </payloadFactory>
    <send>
        <endpoint name="FileEpr">
            <address uri="vfs:file:///opt/data/Oracle/sftp.vietinbank/result/?transport.vfs.Append=true">
                <suspendOnFailure>
                    <initialDuration>-1</initialDuration>
                    <progressionFactor>1</progressionFactor>
                </suspendOnFailure>
                <markForSuspension>
                    <retriesBeforeSuspension>0</retriesBeforeSuspension>
                </markForSuspension>
            </address>
        </endpoint>
    </send>
</sequence>
